Machine_ID,Temp_C,Vibration_mm_s,Pressure_Bar,Acoustic_dB,Inspection_Duration_min,Downtime_Cost_USD,Technician_Availability_pct,Failure_Prob,Maintenance_Priority
M004,70.4156306,3.036377853,5.58256187,74.49467778,68,3112,99,0.48,2
M006,74.50966627,2.787865898,4.916865553,64.01735083,127,522,63,0.5,2
M009,78.7249571,2.067099181,4.597600626,68.77238213,68,836,84,0.47,2
M006,76.67725822,1.998634581,5.012083076,76.90987209,142,3799,80,0.48,2
M009,53.38154538,3.84467612,5.17634477,84.85588608,88,2710,78,0.51,2
M002,70.88173846,3.441257855,5.121151137,62.74723392,66,2123,63,0.51,2
M006,64.86262009,2.343960233,4.480456679,64.0296346,56,2179,74,0.44,2
M007,79.61696918,2.316806082,5.131601461,76.49275577,75,3555,71,0.51,2
M008,64.61830853,1.68521039,5.417804013,92.90565018,89,1278,50,0.5,2
M007,80.13540708,3.273254321,4.386132329,46.52683359,43,2826,56,0.51,2
M007,85.54363548,1.150451152,5.439441167,81.4959069,74,3581,90,0.48,2
M004,75.48668737,2.805614361,4.764638296,78.29943214,49,2524,94,0.5,2
M006,62.5838378,2.203226739,4.516078682,75.59565993,69,787,61,0.47,2
M007,70.64169659,3.666887876,5.155748034,83.1685566,142,4130,83,0.54,1
M005,74.15740553,4.108305472,4.799929579,73.80259426,46,811,78,0.56,2
M007,86.11987714,0.691252984,4.870076291,82.49782758,72,4174,64,0.49,1
M001,99.65733955,1.428025084,5.782686337,65.61385479,52,4751,96,0.49,1
M002,99.67203711,2.546771431,4.45642825,84.99723206,135,1395,52,0.62,2
M001,75.39163904,1.142209105,4.678337802,58.31100871,44,574,75,0.41,2
M004,62.87542721,4.523600568,3.798411704,57.10613509,112,1006,84,0.5,2
M003,63.72576944,3.063459954,4.54052339,68.03320602,40,3275,99,0.45,2
M008,77.41048477,1.546581098,5.102034351,58.87067925,107,4981,88,0.42,1
M010,71.60085494,0.830199847,5.569818906,67.4342659,49,3868,80,0.4,3
M001,74.63223694,1.118004677,4.761271238,72.09401362,110,2623,60,0.45,2
M002,84.03480709,3.944487489,5.622357288,65.90386615,123,2375,96,0.55,2
M006,58.81542166,1.089858995,5.121173639,57.2186686,133,720,95,0.34,3
M002,80.46779354,4.376173413,4.355897197,80.78670758,48,4801,88,0.59,1
M007,50.66097743,-0.073882115,4.833672591,86.15994063,58,4661,58,0.36,1
M006,87.10739539,1.111609859,5.231371358,52.8967189,101,1272,56,0.46,2
M006,72.31005493,1.610551251,5.732788192,83.2092683,38,604,88,0.46,2
M010,69.49308428,2.261393231,5.318584535,65.54932739,35,2278,64,0.47,2
M010,88.31478807,3.083954995,5.245936606,60.34396252,116,2875,99,0.51,2
M003,93.15372685,2.492484636,5.08449983,58.06502559,105,548,97,0.5,2
M008,83.29324824,2.43789067,4.600003453,58.22756253,135,1412,69,0.49,2
M009,78.24399972,1.930348566,4.859880308,96.83123217,84,1375,62,0.54,2
M004,62.33105528,1.760649381,4.615319476,67.3989755,90,3440,58,0.43,2
M003,64.18580371,3.560813686,4.505918326,61.73135444,92,2479,97,0.46,2
M010,70.13242991,2.822466901,5.86972786,75.73029336,65,3027,78,0.5,2
M007,70.85541898,1.895337933,5.617646257,68.20869574,139,2708,67,0.46,2
M009,59.42417214,2.960329873,4.453042885,69.1678313,116,856,66,0.47,2
M010,80.58740753,3.797421421,4.568482546,84.4602255,33,4074,56,0.61,1
M004,84.07494768,2.082220203,4.792245242,74.4249668,106,1696,95,0.49,2
M001,63.85252293,4.073060366,5.199133886,65.44155126,142,4778,63,0.52,1
M009,80.53833332,3.089139359,5.248044248,51.23006605,127,1133,80,0.49,2
M005,70.75800978,4.41240941,4.796161194,75.54368391,110,1908,65,0.57,2
M008,81.93878445,2.474597549,5.06043094,76.8442776,116,1895,79,0.52,2
M003,74.05246626,2.176762035,4.400431383,60.91252419,69,2424,78,0.45,2
M004,78.97701771,2.806120701,5.020618509,63.34596712,80,3323,50,0.53,2
M005,63.7693944,2.341064265,5.80225379,73.49041145,99,2376,88,0.44,2
M008,71.82219396,1.711163438,5.286225968,87.02644669,53,4882,67,0.49,1
M007,66.61310476,2.902722217,5.146740476,61.85892509,143,4034,99,0.44,1
M006,74.72841567,3.849325063,4.887808945,67.13731946,84,4630,98,0.51,1
M004,73.50012109,2.65460843,5.072946268,90.14230474,105,1983,51,0.56,2
M007,82.14086113,2.878347196,5.032186285,64.65425238,110,4922,51,0.54,1
M004,63.90354495,3.154105596,5.310617476,76.02037423,109,3904,95,0.47,2
M003,72.45100155,2.298179903,4.822526885,69.86381523,50,1092,96,0.45,2
M010,90.44526004,2.660978947,6.546320639,75.55132245,93,3556,63,0.57,2
M002,77.06843852,2.80562923,5.199824553,62.40747152,122,888,90,0.48,2
M006,83.65316902,2.37181453,5.312574432,70.41229251,46,2013,68,0.52,2
M001,87.56436342,1.996564441,4.36778754,65.1132111,55,1300,76,0.5,2
M003,56.07454015,2.50993102,5.209830122,79.07487586,82,3992,86,0.44,2
M007,81.36293168,1.878298444,5.184665511,59.80476586,30,1059,59,0.48,2
M010,68.164062,4.979389419,5.399696679,79.97265954,84,4345,50,0.61,1
M004,72.40394178,2.556628452,5.071251911,63.10214546,44,3494,80,0.47,2
M008,84.33783913,3.152121871,4.468413322,81.12867369,100,927,72,0.57,2
M009,73.13943495,3.268179564,4.0946012,82.49000208,142,2960,87,0.53,2
M008,73.02570461,4.202827006,4.996208556,80.4185061,115,3944,65,0.58,2
M010,83.24014831,2.117321562,4.188233308,64.84943977,63,3166,51,0.51,2
M002,61.76728977,3.50630483,5.329909143,63.58399501,57,4377,51,0.5,1
M004,82.73832744,1.686456246,4.310453803,62.88695167,137,4902,81,0.46,1
M009,86.24798645,1.074406685,5.886343634,68.29028845,126,4076,94,0.44,1
M007,91.89636998,3.091984685,5.059648353,76.39506513,134,904,76,0.58,2
M005,77.27653283,1.51835493,4.312468558,71.96278923,42,2156,89,0.45,2
M004,83.29473929,1.716477816,4.814942903,66.08368895,130,3311,88,0.46,2
M004,64.80438368,1.472063239,4.972774519,86.12438636,36,1193,55,0.47,2
M010,78.73058935,2.657447925,4.515361156,63.29016536,31,3791,63,0.51,2
M010,70.35608923,2.935674911,5.488657651,76.61369463,117,4679,58,0.52,1
M004,57.38136258,2.830166841,5.56055744,60.83487006,41,3154,81,0.43,2
M003,70.11018513,2.080136539,4.79826347,71.66781444,83,3183,83,0.45,2
M001,86.42160028,2.83411865,5.873777454,67.89911186,66,994,50,0.56,2
M006,83.57883106,2.789952441,5.527267882,77.02207612,85,3654,73,0.54,2
M007,88.83145001,3.959107157,4.223082907,55.96713403,36,824,70,0.57,2
M008,76.98289377,2.141153583,5.076774319,65.3177542,49,3614,92,0.46,2
M006,74.0623455,3.732524883,5.512958993,75.24200208,90,684,70,0.55,2
M005,88.06874096,1.770059054,6.421973698,62.28197971,55,4119,98,0.46,1
M002,75.67753573,1.830613947,4.923255984,80.64190311,51,2246,62,0.5,2
M002,76.51618827,1.387421698,5.26667278,77.3468512,44,4623,88,0.45,1
M004,83.61127669,3.1975866,4.889743458,74.34594169,117,2445,67,0.56,2
M007,94.76544274,2.797856094,4.920192087,69.14959694,85,1067,70,0.56,2
M003,68.92473658,2.438446662,5.395692753,35.33095843,124,3025,89,0.39,3
M009,89.20256932,2.560136978,4.706122224,70.57986385,77,3427,76,0.54,2
M004,72.39659509,0.564234453,5.414641957,61.03138219,67,1795,93,0.37,3
M010,84.7889354,1.111108446,5.051477208,67.99097494,141,3546,68,0.47,2
M002,78.2849537,4.545817288,4.808591508,80.6972929,113,2560,75,0.6,2
M002,71.30431147,2.442909554,4.724271346,71.03001616,91,4637,64,0.49,1
M007,74.62643159,2.760517422,5.170231223,75.54092107,135,4673,52,0.53,1
M003,78.16200076,3.935435786,4.862911243,73.0044606,138,803,54,0.58,2
M008,61.18890244,2.280519447,5.095496874,74.99685836,137,3720,90,0.43,2
M010,83.70576216,3.395008668,4.966520048,76.17240867,134,1093,63,0.58,2
M008,82.9293294,1.864708395,4.877930042,72.57194852,73,1924,72,0.5,2
M001,86.33546775,2.927097317,5.355757995,70.51626503,119,1192,80,0.54,2
M009,91.216001,3.419705293,4.957922105,84.69392063,36,2975,67,0.61,2
M010,76.0767987,1.221941521,5.646166607,62.44616423,37,4195,92,0.41,1
M001,96.28946556,2.12267849,5.065257807,84.86931772,148,2961,60,0.58,2
M009,80.33014079,2.857838349,4.835942333,66.36886139,54,1892,84,0.5,2
M004,78.0531978,2.488609592,5.331390943,78.9597266,92,520,87,0.5,2
M009,67.9610535,3.993582769,5.005172008,62.27225607,35,708,82,0.51,2
M001,74.27716522,3.27103892,4.343312567,70.66153375,140,2582,98,0.5,2
M009,91.73938418,4.160802402,5.019845879,95.97583403,121,3308,70,0.66,2
M001,80.86678209,4.577379996,5.003232094,64.39767907,146,631,72,0.58,2
M010,71.98744765,1.489954061,5.565905081,70.00999704,107,2555,86,0.43,2
M010,75.48674838,2.688467729,5.185403593,67.6087294,37,2804,61,0.51,2
M008,85.0305131,3.845803267,4.770042836,54.57274491,82,1221,93,0.53,2
M004,64.15466207,3.605631692,4.911353288,58.45550341,108,2048,96,0.46,2
M004,57.51618344,2.406319938,4.485737507,70.01870184,98,3947,53,0.46,2
M008,80.78117097,2.144951356,5.032310516,69.53655754,107,3786,59,0.51,2
M010,83.60096384,2.331906534,5.109173217,76.04759226,99,854,91,0.51,2
M004,77.19231668,1.343682888,4.413508074,63.68606352,42,4356,91,0.42,1
M008,57.50022126,3.809144387,4.677287748,67.78594439,75,4111,51,0.51,1
M009,70.36835134,1.503964872,5.608644867,78.42175565,64,3508,57,0.47,2
M003,78.65506735,3.30116402,5.377559622,65.4129213,54,1230,90,0.51,2
M001,80.23760217,2.378674721,4.993269273,80.86895613,116,4480,70,0.53,1
M005,69.59846612,2.07165476,4.095707021,85.03322499,126,512,83,0.48,2
M002,81.19037198,2.282716303,3.477035584,63.43044763,132,2145,99,0.46,2
M006,60.85047389,2.472284434,4.114401417,64.99323599,57,4285,68,0.44,1
M006,74.86615384,3.381071574,5.971094806,78.05640542,103,4770,69,0.55,1
M003,57.87560542,3.781392549,5.170433923,68.60481766,51,1985,98,0.46,2
M002,83.12957112,2.818105056,5.143396449,74.69408856,112,2021,73,0.54,2
M001,77.67406982,2.124623044,6.613065829,67.83446233,123,4494,72,0.48,1
M005,72.17819421,2.504813307,5.205697939,63.9521511,38,3175,54,0.49,2
M006,74.26931032,1.732579,4.556327186,79.39313439,48,4816,81,0.47,1
M005,78.1249168,2.970473656,5.190195527,57.63202318,130,3163,89,0.48,2
M004,83.99435041,2.588914326,5.307785461,87.94166987,68,4764,63,0.57,1
M008,86.95336118,0.763904241,4.424504718,66.15547943,37,1246,72,0.45,2
M009,83.73783041,2.830142616,4.805627587,62.75813734,73,3131,72,0.52,2
M008,69.17888406,3.631230092,5.126187105,83.26466782,110,2159,57,0.56,2
M010,99.34408633,3.296092706,5.132282631,59.64103095,88,3477,82,0.57,2
M008,69.83103137,3.148088365,5.430817331,61.03415587,50,2402,64,0.49,2
M009,74.25089155,3.548210269,4.935850503,76.11087352,124,4270,62,0.55,1
M006,73.76821785,2.575920534,5.085942417,56.88913938,93,3255,59,0.48,2
M005,60.22671959,1.852427004,5.328968146,65.90873592,45,2572,97,0.39,3
M007,80.58690966,3.449173706,4.952758843,77.6803152,34,3424,60,0.58,2
M002,71.82426801,3.458204917,4.598786403,74.21049651,122,803,66,0.54,2
M010,81.29248972,0.717295257,5.685449594,76.6386409,122,2989,79,0.45,2
M008,58.38720507,0.505054714,3.793503656,81.43148488,118,2348,99,0.36,3
M008,71.91450398,2.352699603,4.089926089,69.2918669,60,2576,75,0.47,2
M003,95.82348744,1.516877865,4.671442761,80.31217134,118,3371,75,0.53,2
M003,88.45406191,3.085490744,5.387892828,60.43230668,130,2123,68,0.54,2
M009,94.43603048,4.18049563,4.681460747,64.77325744,110,4327,92,0.59,1
M003,67.05573947,2.568862015,5.257097626,83.00645242,44,2007,83,0.49,2
M004,81.9423341,3.363879822,5.811318769,84.576812,37,2386,73,0.58,2
M006,70.57274948,2.190846189,5.054887193,88.80489228,68,1924,66,0.51,2
M006,77.54249204,2.603938834,5.533359415,69.2966155,44,2915,74,0.5,2
M009,99.557762,3.946194665,5.565575639,73.19160178,73,3269,61,0.64,2
M001,72.95969419,3.774989119,5.209049303,67.24993269,69,4631,86,0.52,1
M008,74.16398861,1.108053759,4.697840859,74.37347933,102,2824,70,0.45,2
M009,91.15958503,1.618566392,5.444585862,65.24996761,46,1444,84,0.48,2
M002,71.26834818,3.89662848,4.992434965,74.36529668,133,2810,95,0.52,2
M002,75.16885058,3.06907926,4.217187772,75.78191895,145,4211,85,0.51,1
M005,58.07881111,2.570248578,4.763650234,70.21752184,61,972,92,0.43,2
M001,91.06119492,3.339593546,5.417712236,83.82639146,59,2822,54,0.62,2
M010,86.96894952,1.939813475,4.93348906,78.55758768,136,3196,57,0.54,2
M006,76.07160228,2.476022698,4.715971856,45.369361,88,2275,89,0.43,2
M003,63.01815967,3.381123139,5.302060253,70.21173587,131,2008,78,0.49,2
M004,60.30920439,2.849812343,5.724175428,71.86460875,60,748,84,0.45,2
M002,86.59791245,2.011608269,5.313852379,77.96157399,77,2895,67,0.53,2
M009,75.4098679,1.500247199,5.111711821,85.08940264,48,779,96,0.46,2
M002,75.84782865,1.508339557,4.560249764,52.6587931,91,3082,96,0.4,3
M003,80.32030193,3.427407492,5.993335632,68.04974111,70,2203,64,0.55,2
M004,91.83546499,1.420537885,4.836180938,68.76233052,122,3106,91,0.48,2
M002,83.34085719,2.254150021,4.783999198,55.57783526,136,1217,54,0.5,2
M002,70.50836191,2.133498944,4.688936081,67.94010284,76,3747,68,0.46,2
M004,70.65889821,1.179176226,5.031338025,74.09479386,131,1609,73,0.43,2
M005,109.9587779,3.596700632,4.865969539,65.36855468,52,4314,74,0.63,1
M003,80.75779783,4.338768424,5.542066544,82.29258943,33,1363,97,0.58,2
M006,53.48770382,3.83175697,5.791688941,78.52216007,70,2447,56,0.51,2
M004,70.88579027,2.319215636,4.402341601,64.00682657,75,892,94,0.44,2
M008,76.29411258,5.184345742,4.309496346,53.22708732,142,3575,85,0.56,2
M006,79.32728599,2.56044279,4.642521575,66.25981583,116,3331,81,0.49,2
M001,71.63377273,1.123957736,4.815234577,85.79733078,76,2265,72,0.46,2
M001,73.88477942,3.437391149,5.358896748,75.01923158,102,2122,77,0.53,2
M001,61.23270297,3.365926618,5.121696903,62.9057516,77,2263,52,0.49,2
M001,86.94531875,4.535032701,5.175872863,60.56974808,75,2240,78,0.59,2
M009,92.20830297,1.560673262,5.108453222,56.3762048,80,3545,86,0.47,2
M008,52.86772652,2.254699459,5.434775553,77.7160711,123,2529,64,0.44,2
M007,90.96079736,1.479698453,4.565604126,69.33344524,62,2086,71,0.5,2
M010,77.81735064,1.255824887,5.349549795,66.44588609,52,4644,94,0.42,1
M003,66.88510322,1.094750809,4.963420202,88.08861378,100,1831,80,0.44,2
M008,86.35485016,2.21789998,5.89980938,83.08517156,33,520,71,0.54,2
M008,79.2147345,1.605062646,4.879680973,80.7897523,49,4939,60,0.5,1
M007,78.25431759,3.062368292,5.603911017,70.95796726,45,1291,57,0.54,2
M008,78.48272226,2.667139213,4.710592093,70.36114378,73,1465,82,0.5,2
M007,63.72495662,1.418252513,4.385838802,74.89054133,98,529,58,0.44,2
M008,88.85148925,1.513673236,5.021274129,82.59856191,76,2107,90,0.5,2
M004,69.427197,3.004712366,4.344062988,78.9439418,68,4715,63,0.52,1
M010,81.86566006,3.177146866,4.393537529,60.04352182,115,1163,70,0.52,2
M003,96.89750288,0.136031506,5.077649921,77.52922665,117,4813,93,0.46,1
M006,81.50281575,3.087137684,5.204152232,83.99696139,126,4503,78,0.56,1
M007,64.76772234,2.203103149,4.513629613,57.72797101,122,1948,98,0.4,3
M003,81.72060519,3.241639746,4.558894602,73.87735002,107,4483,85,0.54,1
M001,85.65347627,2.982694052,4.766285643,79.60377149,57,4068,94,0.54,1
M006,72.25771643,3.196730909,5.41460697,63.51810853,98,4264,87,0.48,1
M010,78.65300993,3.201849285,5.097961074,68.52901648,103,870,63,0.54,2
M001,75.69294061,3.009536295,4.557168869,67.73583269,138,1185,88,0.49,2
M003,72.63419649,2.693569399,4.57271191,64.18404777,140,3624,84,0.47,2
M009,71.48859306,2.68716402,5.026761399,63.66714815,132,1372,52,0.5,2
M005,63.98338085,1.671072387,4.522256751,61.19723046,64,2175,81,0.4,3
M007,75.87314974,2.320850242,5.339421935,71.08623501,55,4379,77,0.49,1
M004,49.84961547,2.062391743,5.337704559,67.56101837,116,2522,96,0.37,3
M004,96.91907355,2.702054616,4.09774341,61.2736647,82,1687,81,0.54,2
M010,82.31215493,3.202953792,5.530073853,86.08866279,120,2898,68,0.58,2
M002,71.65492494,3.249089844,4.828711464,81.58610367,35,566,58,0.55,2
M008,51.08278342,2.461286177,4.923627716,87.39659373,118,699,95,0.43,2
M010,92.21851163,2.543529811,5.3531942,86.41031834,84,4930,69,0.58,1
M004,63.01895937,1.545960864,5.065163371,84.58685643,47,4756,68,0.45,1
M009,84.48508204,3.01961446,4.503722193,55.45211149,76,1540,50,0.54,2
M001,89.44311584,1.496108921,4.409548274,76.75609962,38,4165,94,0.49,1
M007,74.38456726,4.383275767,4.736725345,87.31343189,127,4296,78,0.6,1
M007,82.60769642,2.4578103,5.227458868,66.65727317,128,1425,99,0.48,2
M002,101.9971414,1.200105721,4.831676698,50.15956097,42,1591,66,0.49,2
M003,81.88678024,4.525807092,4.145740748,58.93704564,130,4178,81,0.56,1
M002,61.62126509,1.406442854,4.751195817,74.8395452,76,4747,62,0.43,1
M002,89.57358558,2.143261437,4.823787872,80.81869516,133,4236,79,0.54,1
M010,64.36598354,1.686987878,5.280446361,59.17996405,147,4017,92,0.39,1
M005,83.5490038,2.792651387,4.541073784,76.89579214,98,2064,80,0.54,2
M010,94.14712306,1.840373699,4.830845967,56.78900319,106,562,72,0.5,2
M009,89.70320772,3.564482754,4.8673073,68.77214585,109,2174,81,0.57,2
M001,66.44669486,3.576922825,5.304292323,74.11557917,114,3843,59,0.53,2
M002,76.29064798,1.925453024,4.184362752,80.70098485,120,1626,79,0.49,2
M003,74.47980312,1.876423909,5.142466535,62.01973118,44,953,55,0.47,2
M010,76.32780698,3.222588502,5.313245201,60.87055484,109,1222,53,0.53,2
M005,82.27319847,3.677206798,4.71676475,64.01107263,133,2365,98,0.52,2
M001,60.90488683,1.102842002,4.781879115,80.57136769,109,4620,57,0.43,1
M005,69.39544902,1.49418733,4.836493157,69.79587857,139,1442,97,0.41,2
M007,58.43567135,3.712820985,4.599621224,67.76027664,89,1247,62,0.5,2
M006,69.0163219,2.460827629,4.674849995,56.91005885,62,4883,54,0.47,1
M009,71.51015303,0.829994526,5.37272252,72.08598599,48,2413,59,0.43,2
M010,53.70486926,4.018886581,4.901017122,76.80635002,40,2422,87,0.49,2
M001,80.36391372,0.007643797,5.191400599,60.93458935,148,3953,55,0.41,2
M004,78.42612398,1.368263281,5.048981632,59.62181646,104,1884,85,0.42,2
M010,68.97894647,2.63119009,4.775109198,60.64220284,31,3525,67,0.47,2
M005,61.73904941,1.49678581,5.515716339,73.00565473,91,2991,69,0.42,2
M003,78.12069598,2.245751869,5.805647883,56.94390314,52,3193,87,0.45,2
M007,66.40912058,1.68943529,5.569308536,72.94050397,59,1258,78,0.43,2
M009,73.33275967,2.237703988,5.121505929,74.27064656,138,3951,62,0.5,2
M002,75.44243854,0.661493168,4.911822332,53.56859735,103,3727,96,0.36,3
M005,76.3829869,2.316512757,4.542130665,75.89937632,90,4750,89,0.48,1
M007,68.95660928,1.621729926,4.997998429,60.21319269,107,4768,74,0.42,1
M009,72.78087547,3.719503569,4.995715856,94.25391589,64,2820,64,0.59,2
M006,79.95212953,3.774388087,5.142911745,72.90209118,106,4703,85,0.55,1
M006,71.97035545,1.542494717,4.136739494,59.55603438,138,3526,76,0.42,2
M001,81.6846813,1.742689486,4.877167362,76.44318494,86,2589,99,0.47,2
M007,100.1554621,2.543874964,5.569690507,55.13039919,34,2715,52,0.56,2
M007,87.74677339,3.955060582,4.630683903,75.23807363,91,2952,58,0.61,2
M006,73.97155837,1.653087672,5.376730726,64.31728214,137,4259,50,0.47,1
M004,79.35555848,3.442568549,4.243862204,79.91994827,72,997,58,0.58,2
M007,76.25154697,1.652570308,5.323633743,73.27871818,60,1752,57,0.48,2
M001,71.44916102,1.9683381,4.988711197,79.6829,92,4797,62,0.49,1
M007,79.27870677,1.633277025,5.207576992,78.70912048,80,1583,85,0.48,2
M008,75.27322761,3.502416459,4.244847623,56.76038753,87,4146,98,0.48,1
M001,76.33959907,2.031935998,6.13161642,62.65234305,149,4946,77,0.46,1
M005,76.48031758,1.991610629,4.206949171,50.22775155,110,3353,77,0.43,2
M005,75.8960816,3.071878066,5.353522947,68.23952504,113,2378,65,0.52,2
M002,81.77159712,2.348974046,4.361572112,68.20043298,31,4063,83,0.49,1
M002,72.63000829,1.702006598,5.490304177,59.24001324,92,892,90,0.41,2
M005,74.71909687,2.628934191,4.830562527,76.18088016,97,3013,67,0.51,2
M005,74.81696516,0.673071454,4.10413529,77.27451354,90,4514,52,0.45,1
M003,79.55689669,3.275767217,4.466671933,77.93604803,101,1399,63,0.56,2
M006,65.07641714,2.392847119,4.719238071,64.51578715,138,4405,66,0.45,1
M002,68.83394946,2.416018131,5.028594309,79.79767217,84,3418,50,0.51,2
M009,76.44250023,3.031990608,4.462847307,76.65808389,70,2107,56,0.55,2
M001,83.11940328,3.05139455,4.790003011,86.02910231,75,1716,59,0.58,2
M005,88.117839,-0.126786257,5.038367119,65.75930196,35,1638,80,0.41,2
M001,91.41526949,1.491337686,4.887839344,72.92347807,124,3475,69,0.51,2
M009,75.86859163,1.928625779,4.734318067,91.61224183,117,1105,96,0.49,2
M006,65.06621794,2.153346639,5.17944488,78.05628507,60,2098,54,0.48,2
M007,74.12784402,2.821550513,5.037014676,77.20080652,126,2897,50,0.54,2
M003,82.2269601,2.864250212,4.483827581,77.96832945,59,583,71,0.55,2
M005,72.92368947,2.960255864,4.977226522,69.90810966,147,1291,70,0.51,2
M006,69.38114336,0.922297908,4.538263792,81.30415508,84,2736,58,0.45,2
M001,77.31512739,2.071499995,5.459499379,73.17257725,146,4097,71,0.49,1
M005,83.75715862,2.369050778,5.149100139,61.0107601,31,3775,66,0.5,2
M001,59.06282985,1.28992928,5.147124156,37.47141204,93,2137,70,0.33,3
M007,65.34242584,2.607704148,4.813299489,61.03667186,52,4103,65,0.46,1
M008,55.30852714,2.74324457,4.844049008,75.31668784,75,1462,82,0.44,2
M004,59.87404499,1.434300283,5.251009635,70.49986035,36,1652,58,0.42,2
M007,80.49474792,3.153501952,4.017521021,79.00929234,115,3701,71,0.55,2
M008,80.83886294,1.007731213,4.553236758,64.68963049,120,545,56,0.46,2
M001,73.77653097,1.636040883,5.819395966,68.09354064,40,3354,55,0.47,2
M009,66.01186812,3.137338548,5.116003142,59.09211402,110,2556,62,0.48,2
M007,76.77755894,2.0832974,5.541481386,68.11787538,137,643,86,0.46,2
M010,86.14516284,2.055105653,5.148902941,66.90794486,66,2075,97,0.48,2
M006,69.32316227,2.387752533,5.450775628,65.90742545,116,4564,97,0.44,1
M003,71.75775181,2.081528969,4.4711989,72.73978869,46,2728,75,0.47,2
M005,77.91730377,0.640065138,4.933198031,56.59377141,41,2933,94,0.38,3
M009,59.5434986,2.39076757,4.221987361,71.01912086,118,1716,58,0.46,2
M005,73.82599141,3.027902649,4.878685606,60.97737112,36,874,54,0.51,2
M010,85.1086224,2.236254612,4.960236366,76.06019139,144,1860,60,0.54,2
M003,65.3047611,1.422125897,5.545411334,84.29458243,125,3839,60,0.46,2
M007,90.8322553,2.096810733,5.425668622,57.29691273,83,571,89,0.48,2
M008,70.67467738,2.08861017,4.549785387,64.07814038,53,2053,79,0.44,2
M009,63.10927134,2.924756181,3.670761784,76.76644068,139,3993,96,0.46,2
M008,66.00838373,3.077025827,4.916287899,67.62179382,50,1137,53,0.5,2
M009,76.57750781,3.28429977,5.705116258,62.53562928,121,4425,71,0.52,1
M004,82.68123835,3.394367887,6.175801027,69.42314397,47,595,76,0.55,2
M004,81.78299411,2.764644005,5.016862696,72.03787553,89,642,82,0.52,2
M004,67.51364686,3.435392054,5.32209493,62.72464298,57,3914,71,0.49,2
M003,79.04257195,3.038728976,4.663355441,77.12356493,88,4364,67,0.55,1
M007,86.60682496,3.662200789,4.479874867,57.46659104,82,3785,63,0.56,2
M009,72.06461158,3.75597292,5.1255533,70.49660334,135,1626,90,0.52,2
M003,66.14084004,2.840508093,4.790048499,70.32819285,54,2901,77,0.48,2
M003,91.89893457,2.94319866,5.54728791,66.80140266,115,3463,59,0.57,2
M002,79.90419572,1.717976135,4.532926143,90.66601378,82,4508,68,0.52,1
M009,83.16117436,1.960012364,5.128715038,79.04496641,144,4201,51,0.53,1
M010,68.89110108,4.060949799,4.621757167,64.93965296,111,3830,71,0.53,2
M008,87.43183437,2.677710445,5.704595514,63.89817891,63,2117,76,0.52,2
M007,66.4658596,2.948613103,4.644906525,62.1306845,73,2709,56,0.49,2
M010,72.04023157,4.158207373,4.535761985,65.38367598,41,4192,63,0.55,1
M007,78.15040489,2.859736764,5.130313929,71.83213048,46,4639,54,0.54,1
M009,90.39606848,2.485063223,5.092272651,51.42379371,149,2600,60,0.51,2
M005,81.98249914,1.197760791,4.874970772,61.05858561,101,4978,67,0.45,1
M009,84.83082705,2.665733361,5.042194097,74.40083925,71,1445,55,0.55,2
M005,41.48389483,1.679531907,4.936541098,63.5542317,128,2832,69,0.35,3
M001,72.86864663,2.709446932,5.291721489,50.357257,89,1422,55,0.47,2
M002,81.18484513,2.105373188,5.12698398,83.93628676,77,2544,93,0.5,2
M006,79.60419729,1.383802389,4.317781964,82.35383894,99,561,60,0.5,2
M008,80.02789721,3.574267613,4.691432412,59.85031168,35,1940,94,0.51,2
M008,77.51787707,2.184217624,5.179539149,58.00251283,95,4912,98,0.44,1
M004,78.21052333,4.487130971,4.824777258,68.86025877,93,3598,97,0.55,2
M008,66.32,0.765072368,4.648439473,66.53248721,115,3408,92,0.37,3
M004,64.32983414,1.623615267,5.679943773,68.70939063,57,3924,97,0.4,3
M001,83.64744692,3.581826151,4.090723233,67.08136151,42,4946,93,0.54,1
M002,72.20891525,2.268515014,5.060523475,80.3382965,58,4974,89,0.48,1
M006,72.59088755,1.668118757,5.381670812,67.2099472,114,567,90,0.43,2
M009,67.22081187,3.542360462,4.707062087,53.99192429,37,1294,78,0.47,2
M001,65.56616951,2.75425828,4.075147927,70.22196497,61,1249,97,0.45,2
M006,69.11961422,2.433467847,5.223931664,88.89610005,46,1097,83,0.5,2
M004,90.67353002,1.37152637,4.844720955,73.66649812,45,4409,97,0.48,1
M003,61.46440144,1.521190789,5.256839588,64.87055831,129,2510,60,0.41,2
M006,78.2679891,3.562016177,5.549076514,82.02929229,71,1628,55,0.59,2
M006,69.59677817,3.626296559,5.06753594,71.68047169,44,1377,96,0.5,2
M008,61.4259704,2.01131237,4.869615077,69.5098083,87,1016,51,0.45,2
M001,84.26244322,2.115761982,4.744160721,70.46439728,96,2189,67,0.51,2
M006,76.84813271,3.69409525,4.91630433,63.60934391,56,2357,85,0.52,2
M005,75.86072865,4.351165942,5.41724636,81.04936977,82,745,84,0.58,2
M008,70.35778903,3.501468626,3.953280522,69.16960564,58,2670,61,0.53,2
M007,72.26535754,2.240608244,5.28562383,77.73197782,113,1686,89,0.47,2
M004,78.16942617,4.058721213,5.237316727,65.64375744,86,860,87,0.54,2
M003,72.39045167,3.519591813,5.099386825,87.59117148,55,4381,71,0.56,1
M005,67.8954745,1.79121492,5.083681227,70.43357213,64,3153,91,0.43,2
M009,71.92576555,0.656085212,5.705502604,83.56794368,31,4244,57,0.45,1
M008,60.96243355,3.126833657,4.813772844,51.20072225,127,809,69,0.44,2
M007,78.80078708,2.837933721,5.252433077,82.57334662,113,673,60,0.56,2
M001,72.31363942,2.993172003,3.99852549,62.51067307,129,1366,59,0.5,2
M003,65.58410483,2.729700747,4.508136948,71.79455984,48,2597,56,0.49,2
M002,84.55707956,1.555804356,4.031847097,85.35721291,136,847,58,0.53,2
M004,73.68597094,1.418862887,6.030479718,77.96047574,51,2713,53,0.48,2
M005,89.29324263,2.648971949,5.340734693,75.46015918,46,2769,60,0.56,2
M008,70.81079881,2.841127313,5.256784214,76.32957833,61,3037,64,0.51,2
M004,62.25631254,3.934466869,4.844815608,73.77235169,96,3286,71,0.52,2
M009,94.62822634,1.614045687,3.709814172,89.39611909,129,3807,65,0.56,2
M004,83.9226366,3.360456048,4.550312936,66.3351202,36,4317,71,0.55,1
M007,81.83418505,1.058155574,4.803223563,67.14769684,74,1698,58,0.46,2
M007,62.62658355,1.511731142,4.961003302,85.92951198,147,2088,88,0.43,2
M003,74.86397166,4.096048491,5.276884231,63.31696763,75,4287,79,0.54,1
M004,71.90117926,1.842850169,5.075954875,54.31524434,132,3346,62,0.44,2
M010,77.29645177,3.038806212,4.070636314,61.94386257,121,1269,79,0.5,2
M010,74.15437001,2.270342731,5.625845183,59.88084678,53,3965,77,0.46,2
M005,81.54654163,1.853054829,4.872062739,67.78955552,77,3113,97,0.46,2
M003,92.01696209,3.257905396,4.831838816,65.18539223,111,3070,60,0.58,2
M010,63.4325033,1.013064027,4.901905927,86.29304883,101,3349,90,0.41,2
M002,70.32287228,3.119566472,5.44906986,57.18148597,80,867,91,0.46,2
M010,95.42984525,1.627846321,4.538703667,71.98126611,57,1094,84,0.51,2
M009,65.21233352,4.040785812,4.521861271,54.01297138,43,2806,76,0.49,2
M006,92.1885049,2.608521276,5.11023616,69.51803273,126,1221,85,0.53,2
M003,75.31022937,5.420752566,5.772905214,72.80124002,89,3143,67,0.62,2
M010,68.84371326,2.55695444,4.846598243,70.49223878,98,2334,97,0.45,2
M010,78.51891068,2.569548088,5.824533144,54.8139673,94,1475,87,0.46,2
M008,78.90613178,2.931120964,4.642099619,75.68847609,80,1263,97,0.51,2
M007,96.9082516,2.176080183,5.354768085,84.97253891,85,2655,79,0.57,2
M003,85.32954733,2.462340056,5.797041066,75.94310003,89,2923,66,0.54,2
M009,68.50178522,3.358618398,4.748447888,54.42201304,119,1342,66,0.48,2
M003,69.2471029,3.606637784,5.532712216,73.92191621,124,1174,87,0.51,2
M002,92.25416275,2.077487266,5.169527226,73.45836658,97,4238,75,0.53,1
M004,62.40080034,1.444821528,4.082804347,78.21400647,50,3235,56,0.45,2
M001,81.94406319,2.463120439,3.92220453,52.5534976,117,4677,75,0.47,1
M009,76.54315832,2.256096779,5.621456691,75.16888485,133,4590,56,0.51,1
M003,71.31020555,4.111790591,4.915553338,75.41565103,44,2973,51,0.58,2
M007,71.64587856,1.665635821,5.403291048,63.13218566,84,4611,61,0.45,1
M007,69.86688772,2.133172334,5.79027092,52.26301117,38,1576,71,0.43,2
M004,58.82166094,1.051410197,4.882814938,90.68288851,79,4332,95,0.4,1
M004,80.03284669,1.57162833,5.960966482,84.78139714,94,3883,68,0.5,2
M003,62.1205261,3.738695769,4.562054141,71.63385705,64,1754,68,0.51,2
M003,65.9063523,2.776496143,5.872775355,56.74633616,116,1306,91,0.43,2
M007,96.63656499,0.622557115,4.563215733,66.55877263,122,3031,70,0.48,2
M008,63.76098533,2.127911759,4.560418492,97.77299412,131,2356,91,0.48,2
M006,77.0170056,3.865148762,5.354280157,72.55089696,106,3389,93,0.54,2
M008,92.3132058,2.051231776,4.44179761,72.53729021,35,4033,72,0.53,1
M001,54.80444451,2.154606845,5.335105828,83.13885621,146,675,73,0.44,2
M009,59.67264631,2.81304971,4.445876424,77.14815757,30,3377,56,0.49,2
M002,74.54119218,3.961526206,5.080442191,78.94307167,79,4041,74,0.57,1
M005,66.17972659,4.427569385,3.612731567,70.75599489,71,1410,86,0.53,2
M002,81.1703017,2.228794807,4.971081525,81.93051688,47,4611,59,0.54,1
M004,72.12408981,2.519154915,4.847926232,51.08871138,135,829,65,0.45,2
M001,90.99122335,2.814448917,5.274425213,67.84051754,63,2167,80,0.54,2
M009,78.85884383,3.454013816,5.747706831,75.94504369,41,4254,85,0.54,1
M004,73.31410379,3.647111927,4.936160964,70.42279832,58,1331,75,0.53,2
M007,65.86801094,2.295378249,5.39551493,56.07190892,94,1969,97,0.4,3
M001,77.86917429,1.852684592,5.343949984,85.8354891,136,3664,65,0.51,2
M005,85.75314139,3.225199473,5.658273086,70.10146526,110,1273,63,0.56,2
M007,58.12750577,2.872832992,4.596278887,63.91900241,32,2344,71,0.45,2
M009,69.95447563,1.074836804,4.00258277,67.20444362,135,3785,98,0.39,3
M004,70.33185054,2.369540131,5.041594858,79.52030131,81,2504,65,0.5,2
M007,77.79842661,2.508279274,4.912214553,68.58622031,57,1531,70,0.5,2
M002,80.46691606,1.231985793,4.990402225,68.29259699,56,1030,76,0.45,2
M010,69.44453267,3.467487749,6.068260373,71.63198459,36,1451,81,0.51,2
M003,71.3728431,4.455230031,4.367143674,82.71579078,73,3421,80,0.58,2
M004,86.03666943,2.107685231,4.603815553,91.43686653,30,1900,68,0.56,2
M003,79.19665523,2.002736033,4.260710666,74.37323782,118,4890,54,0.51,1
M005,77.29872208,1.200804482,5.124964513,75.98618874,147,2792,72,0.46,2
M008,72.86287848,4.330393856,5.883155304,64.00902582,102,4389,68,0.55,1
M001,59.20276929,4.610872637,6.25230834,67.91407674,69,2332,72,0.53,2
M003,70.59992609,2.455045413,4.400311442,51.77875877,148,1678,96,0.42,2
M002,76.99487942,3.89696158,5.798424897,68.51134773,39,3928,62,0.56,2
M008,77.05428596,1.776884369,5.398491091,96.05303121,84,4004,91,0.5,1
M007,81.32116101,1.117540075,5.08665235,82.46545593,77,3586,55,0.5,2
M010,88.66836461,3.613694238,5.04435312,65.07402205,84,4293,99,0.54,1
M005,80.10279011,2.080684455,4.800831778,78.61207056,86,4189,83,0.5,1
M001,73.63216725,0.538672344,6.346379081,53.8609698,46,2531,59,0.39,3
M005,59.59581328,2.341383323,5.211836599,48.66364158,74,771,87,0.38,3
M003,80.17196835,1.680134455,5.307038112,65.27059357,109,4363,75,0.46,1
M005,98.63717869,1.240018522,5.004325089,63.62576087,76,4630,93,0.48,1
M007,80.56841179,4.718343483,5.028887003,72.34091361,86,4289,59,0.62,1
M005,73.30749116,2.143709705,5.170519255,80.77871056,57,1921,94,0.47,2
M003,66.89926916,2.722434137,5.665403621,84.14614618,71,3457,91,0.49,2
M009,76.84900817,3.615466683,4.784323037,64.96472055,86,2686,86,0.52,2
M001,72.43189692,1.798662808,5.107271672,64.8166399,40,3327,72,0.45,2
M005,48.68568117,3.811155868,4.904285015,60.48527484,106,4188,94,0.43,1
M008,84.56856879,0.887338242,4.825027083,58.43438397,141,819,91,0.42,2
M004,59.7529455,2.72792967,5.579882481,70.22136485,121,3791,80,0.45,2
M003,76.90937751,3.072608108,5.516537492,70.9918509,88,3503,55,0.54,2
M009,87.23190105,2.918864747,4.859947738,38.68256166,141,1112,77,0.48,2
M010,78.56166877,1.587612547,4.997689156,56.71204891,72,4550,56,0.46,1
M010,100.935715,1.34637601,5.114820708,92.24044779,49,2869,85,0.56,2
M001,76.61357925,3.874021342,5.142314596,88.30333195,34,2116,71,0.59,2
M010,60.55442556,1.855613071,4.313221804,81.45904578,141,1499,80,0.44,2
M003,61.54631548,2.733947452,5.318077743,72.29901608,52,1306,51,0.49,2
M005,84.16628466,2.651012291,4.913918443,63.82512844,136,1881,92,0.49,2
M009,77.65403828,1.844421003,4.837137112,70.709232,82,3631,76,0.47,2
M001,97.3974304,2.074211157,4.958676766,54.52087557,49,4427,56,0.53,1
M009,74.87721723,0.741806993,5.075111677,52.52551054,112,2042,77,0.38,3
M004,70.21422555,3.024326036,5.337695368,74.62104379,82,2050,50,0.53,2
M003,79.24140419,3.302923969,5.341595455,73.95681557,97,1660,82,0.54,2
M008,74.30977485,3.95670995,5.018655587,74.90891212,78,1969,55,0.58,2
M002,88.06557462,2.178337485,4.667750659,73.69740803,53,4155,83,0.52,1
M007,79.46000095,3.197065274,4.181612626,72.22186737,121,4051,90,0.52,1
M009,58.77088753,1.111014864,5.064841955,67.46479854,36,2872,99,0.36,3
M007,84.03449036,0.686766714,4.906170753,63.29189098,137,1010,79,0.43,2
M001,62.26840231,2.610259117,4.641192302,65.32806536,34,1370,80,0.44,2
M001,75.62502733,3.097731708,4.281728633,60.0936561,126,4955,75,0.5,1
M002,63.83414196,3.171480601,5.359675725,52.71705914,125,1449,62,0.46,2
M006,57.82504266,3.19332469,4.974290223,66.93432955,69,1391,91,0.44,2
M005,62.79682623,4.01694679,4.00992477,64.20469422,118,1581,99,0.48,2
M001,74.39479478,4.128149546,5.845011923,66.17622909,144,4909,92,0.53,1
M001,80.94368809,2.279745399,5.482566795,57.14044608,65,864,95,0.45,2
M005,66.39986638,2.130302944,4.457380671,65.03343122,48,3185,98,0.42,2
M001,78.47402637,3.772058982,5.328530034,85.59937702,41,4877,88,0.57,1
M006,79.25178842,3.384242306,5.622264955,51.53459757,82,2112,65,0.51,2
M006,92.68298308,2.54387336,4.275968286,63.60714183,66,1202,66,0.54,2
M003,61.88159872,4.688056759,5.967340615,64.52857861,109,4105,69,0.53,1
M004,82.09461817,2.036832387,4.683969621,62.28590799,44,3636,50,0.5,2
M001,67.8068001,3.31108834,4.578538834,77.52301938,53,3826,65,0.53,2
M003,75.38865562,1.510386041,5.469837124,64.79403084,146,3311,90,0.43,2
M010,65.03767944,0.769966261,4.874945771,72.4703287,86,2727,74,0.4,3
M006,69.96854748,2.031442514,4.153457592,61.45143197,103,4476,77,0.44,1
M003,75.25426703,1.469693527,4.542396794,88.13856137,82,719,56,0.5,2
M001,79.33967422,2.854968255,5.986704795,73.41791468,91,1714,69,0.53,2
M005,62.85481044,3.536201832,4.005480346,61.65915144,117,2146,67,0.49,2
M007,66.52476507,3.279755496,5.361341721,66.38753657,73,3877,71,0.49,2
M006,82.3424429,0.735079616,4.6294033,54.16875181,139,4291,68,0.42,1
M005,63.76483795,2.302282658,5.012051613,74.62872876,108,3938,81,0.45,2
M001,80.60306441,3.0290163,4.401906565,63.42411706,88,4006,96,0.49,1
M001,69.05823251,2.882426562,5.019197004,82.30170588,117,579,73,0.51,2
M008,77.23511106,1.408388805,4.992939639,68.47736167,119,1139,64,0.46,2
M010,83.42449925,4.833289322,5.244396658,79.07223618,43,589,67,0.63,2
M006,86.22175029,0.56441532,5.53554154,74.76488763,89,3095,98,0.43,2
M003,86.96690818,2.941271535,5.537590198,61.98404432,66,3881,98,0.5,2
M004,78.73396192,3.030191307,5.504451028,58.57627509,111,3067,81,0.49,2
M005,45.75074821,2.931453834,5.182747602,75.10352646,67,651,84,0.42,2
M002,69.8208735,4.614331715,4.640554792,74.067202,73,2341,64,0.58,2
M004,77.76709044,0.751253924,4.894744332,46.03724943,74,3021,59,0.4,3
M010,80.57178661,3.554128676,5.527768487,71.97179744,145,1165,89,0.54,2
M002,68.80065813,3.731768229,5.900769807,59.56036037,75,2537,60,0.51,2
M002,75.28202712,3.55874383,4.933678428,68.22154225,82,4816,64,0.54,1
M003,90.68934496,1.67954215,5.380632146,67.53587921,47,1676,58,0.52,2
M004,84.95548585,3.533118515,4.451607081,70.13264643,56,3115,97,0.54,2
M007,80.79399239,2.398961223,4.954371224,65.49783586,100,3857,68,0.5,2
M005,82.59211,3.373516424,5.095746426,72.239191,106,4737,96,0.53,1
M007,96.99098181,2.428907374,4.477279867,61.85728154,120,1113,54,0.56,2
M002,66.50613085,3.424195466,4.745416115,45.48463606,138,4251,61,0.47,1
M002,95.33293769,1.528901818,5.078877436,97.9897953,128,3521,82,0.56,2
M005,65.29996032,4.470258449,4.913185483,64.81573013,112,1774,80,0.52,2
M001,83.08985515,0.488041973,4.638327416,56.20438665,38,744,77,0.4,3
M002,69.20299089,2.763851701,4.688673401,59.88196479,86,2519,87,0.45,2
M001,77.75524877,2.655522426,4.630333605,61.42199807,130,2850,75,0.49,2
M009,58.63275009,1.732982473,5.205214877,66.67645526,94,556,51,0.43,2
M010,86.54584282,2.844897008,4.307371455,78.89102779,107,633,70,0.56,2
M001,81.86946493,1.967339027,4.742756948,63.85782158,103,1274,55,0.5,2
M005,85.89835536,1.935605358,5.413580156,62.03543192,69,4959,95,0.46,1
M008,75.3589455,3.442238151,5.323704439,59.30873236,54,4414,90,0.49,1
M007,59.35086631,3.284990579,5.024369577,62.14894261,66,4403,65,0.47,1
M010,85.40205928,2.756054864,5.562846408,75.49327546,131,4218,62,0.56,1
M010,81.8065794,3.152388716,4.815284155,74.81353998,30,2003,67,0.55,2
M003,88.27078102,2.015950364,5.296050981,90.58491955,106,4397,75,0.55,1
M005,73.29820333,2.510642243,5.369731735,69.52061208,126,4931,64,0.5,1
M001,75.81563035,1.871615909,5.070676763,59.74409347,145,4721,71,0.45,1
M009,55.63481265,3.290501361,4.866934799,90.3785755,93,1128,53,0.53,2
M010,74.08240676,1.903604782,4.920629137,70.48191163,144,803,68,0.47,2
M009,65.87051927,1.271401484,5.218615549,69.23486397,136,4114,59,0.43,1
M010,68.6509308,2.539154592,5.689361113,68.75891346,42,4092,57,0.49,1
M009,67.9832809,2.19865355,4.676842352,67.3083983,120,2120,59,0.47,2
M008,74.95300596,2.209289257,4.409210333,69.47488531,59,2848,64,0.49,2
M001,74.59428173,2.546900566,4.899632541,87.27994422,41,3542,54,0.55,2
M005,77.74681074,1.791732261,4.250204225,78.85902323,135,1602,97,0.47,2
M009,67.33046761,1.761464574,4.323635731,80.51492496,69,1593,77,0.46,2
M002,70.52853538,3.06568708,4.545369948,67.8821639,34,3896,76,0.49,2
M005,68.03847641,2.165151516,5.492277645,64.84645803,109,1305,64,0.46,2
M001,77.94524742,1.722609924,4.780420365,59.05281127,71,775,69,0.45,2
M003,58.65704664,3.680045369,4.086977295,76.37477472,126,809,77,0.5,2
M006,63.10238458,1.971966161,5.865949734,46.85366198,74,2756,99,0.36,3
M007,99.13393915,3.671426348,4.194266285,58.35114201,42,4010,76,0.58,1
M003,63.18057149,2.763569074,4.460352032,71.44863638,87,1419,67,0.48,2
M005,80.99783856,1.208488899,3.817548787,83.96330607,123,2841,77,0.48,2
M007,76.45238717,2.112199891,4.840213221,63.74163845,136,2053,81,0.46,2
M002,100.4683328,3.283583069,4.728263621,54.12951346,101,4314,64,0.58,1
M010,73.32803857,2.079886438,4.603936787,67.22549932,40,2591,97,0.44,2
M002,47.858927,2.291000039,6.23210622,70.72947379,144,4405,63,0.41,1
M003,89.82714794,3.094778596,4.451113591,65.37414528,39,4311,61,0.56,1
M004,69.08696785,3.947586925,5.393302054,77.30356931,30,2512,55,0.56,2
M007,82.64096078,3.1597212,5.189607828,78.04921104,147,1951,88,0.54,2
M007,85.11903312,-0.043498183,4.831174635,76.34563587,33,3946,79,0.43,2
M001,87.38632048,2.628553923,5.752741142,64.75713931,48,3699,60,0.54,2
M002,74.55235193,1.756338387,4.119531782,74.95341487,74,692,95,0.45,2
M002,77.07649335,4.510481635,5.121575857,73.40059651,126,2504,50,0.61,2
M010,59.5046873,2.996664734,4.813715579,78.01760564,50,1861,88,0.47,2
M004,55.56012571,1.085024128,4.851445526,68.44632266,33,4622,70,0.38,1
M008,85.76371995,3.342038397,5.11477557,81.46281227,85,4453,59,0.59,1
M009,66.15984545,2.288724745,4.679705624,59.21376528,83,3773,93,0.42,2
M010,81.66450317,1.450120759,5.347569948,72.99651923,68,4658,71,0.48,1
M008,81.81006239,3.921282983,4.721322508,81.19447371,71,1357,56,0.61,2
M002,78.51288809,2.773199199,4.451799318,70.55027085,54,1325,98,0.49,2
M009,86.3448052,2.702289056,5.428047927,77.25433792,61,3873,66,0.56,2
M003,80.35577447,2.520493013,4.827265676,81.56939766,81,2026,81,0.52,2
M001,96.09444595,3.291209039,4.767019032,65.01688896,60,571,94,0.56,2
M005,56.59670964,2.950266635,5.421931916,78.42248235,99,1111,81,0.46,2
M001,74.01561014,1.436687521,4.979195345,59.20265946,48,1725,70,0.43,2
M009,77.26300935,1.53781082,4.493315996,54.4180157,108,2535,58,0.44,2
M001,61.47835553,2.206152964,4.677859091,58.39422847,96,4134,69,0.42,1
M005,80.36416732,4.056000572,4.031602356,66.0715903,115,4470,58,0.58,1
M007,65.96656514,-0.119242727,4.14587692,64.69234112,123,3133,52,0.37,3
M005,78.57624259,2.966190342,4.507800187,77.31108531,123,848,62,0.55,2
M001,59.66251274,1.668600533,4.78770321,73.69296476,108,2029,79,0.41,2
M005,73.12421336,2.811814183,4.750162338,65.22475911,123,3420,83,0.48,2
M008,67.00501667,1.859470543,5.163382239,82.2297567,105,3838,53,0.49,2
M003,65.343824,2.451393105,5.45482577,82.26156368,51,1333,76,0.48,2
M001,64.48305112,3.255925192,4.807308799,91.07803454,47,1090,99,0.51,2
M007,78.03122962,4.682356501,4.49765145,80.59193715,139,545,77,0.61,2
M007,85.69850499,2.889600395,5.199221932,80.52969695,81,2836,97,0.54,2
M009,81.10244376,1.267678853,4.72554032,51.31977713,86,1371,99,0.4,3
M004,86.32034986,1.935622786,5.434547643,77.51957663,63,3182,89,0.5,2
M001,81.34907804,4.081698968,5.662349352,87.5227,51,4529,52,0.63,1
M003,82.4608812,1.708851889,5.666409397,72.74933566,89,505,86,0.48,2
M006,76.80645464,2.633151211,5.424809734,86.18092018,98,2510,63,0.55,2
M003,76.9730042,2.590968977,3.990093334,76.45972163,52,1386,68,0.52,2
M002,77.41866702,3.310080652,4.959024107,84.54119753,63,2706,73,0.56,2
M002,79.25302404,3.21321982,4.767465275,61.21098569,87,4969,80,0.51,1
M002,66.62680921,0.745457896,5.292319849,65.22495053,81,4413,69,0.39,1
M004,72.04737767,1.934826368,4.994327405,48.13566774,65,2382,57,0.43,2
M003,62.86072619,1.536284932,4.094273958,64.29436307,140,4753,81,0.4,1
M010,88.1121023,2.309182595,5.277787804,91.7371014,33,2322,53,0.59,2
M002,82.49302417,1.819048924,5.571404819,59.4477651,76,1319,84,0.46,2
M005,97.78248703,2.905040543,4.07686337,66.51540627,47,2562,88,0.55,2
M003,64.7658069,3.684172528,3.995758142,71.12463042,30,3637,56,0.53,2
M002,80.98057696,2.557136355,4.850497519,75.36120998,114,2329,73,0.52,2
M001,74.80024571,3.606850182,6.481554228,83.02344723,137,1247,78,0.56,2
M008,82.98254071,1.704310237,5.313233046,64.06503782,113,2953,81,0.46,2
M006,75.5557556,2.787987595,5.491328454,62.27872783,134,893,71,0.49,2
M001,87.46326886,2.026829929,6.132129064,65.7082606,146,1860,69,0.51,2
M004,76.61563013,1.547441877,5.056190595,71.38405434,73,3654,62,0.47,2
M003,80.05427147,4.056049439,5.381630461,60.17948658,85,3426,57,0.57,2
M006,87.54356869,1.868810231,4.590617946,58.74466004,123,3564,68,0.49,2
M005,75.97675856,0.891231337,5.107753512,75.74920516,116,2344,95,0.42,2
M005,87.18337316,2.505833547,5.326813444,90.6738217,76,1276,53,0.59,2
M007,75.60321915,1.097257277,4.990247736,59.21052021,99,3341,85,0.4,3
M010,82.73013362,2.985549295,4.823422981,62.78569536,144,2491,96,0.5,2
M005,64.92816306,2.237459677,3.79216631,61.92635031,90,564,68,0.44,2
M010,77.45018595,3.708450508,4.051788812,85.29490847,126,994,95,0.56,2
M005,81.52534694,4.382292234,4.681570207,68.78871874,98,502,62,0.6,2
M005,71.42282818,1.859095651,5.05973817,64.91572885,73,4973,51,0.47,1
M003,72.55199758,2.334228802,5.852227275,61.41422623,33,1020,97,0.44,2
M003,70.41043114,5.062527659,5.769032718,79.90416748,118,4529,86,0.59,1
M001,91.95329533,2.14431709,5.110342473,78.38076968,116,3036,63,0.56,2
M010,84.35881556,3.950192631,4.659708557,75.23999724,142,4106,73,0.59,1
M006,72.94719726,2.411080299,4.684728452,64.94925612,125,4879,56,0.49,1
M005,60.00412544,2.486827011,5.831038371,64.72001139,76,3780,61,0.45,2
M007,75.46114106,2.820277411,5.332271771,67.72843916,129,2694,63,0.51,2
M008,82.31145529,2.711749718,4.936012682,61.14026992,32,3048,92,0.49,2
M003,79.94595748,3.246923469,4.712525022,67.28564664,145,561,55,0.55,2
M002,81.66166065,1.817217642,5.336982429,57.44200559,39,4582,78,0.45,1
M003,65.88205511,2.669441831,4.296478893,58.38881144,54,610,58,0.46,2
M004,76.3575388,0.711010587,4.645704367,65.00857176,123,3153,86,0.4,3
M003,84.61854356,2.999089795,5.608816795,49.75656502,103,4647,78,0.5,1
M001,81.17670368,2.443460256,5.319879721,50.52884623,103,4929,67,0.48,1
M005,84.6266892,3.261421767,4.775512959,86.86363478,105,4248,75,0.58,1
M009,83.82104782,2.829373146,4.784426558,60.98516057,122,3626,68,0.52,2
M006,79.69559169,4.929144322,4.633736158,76.40562753,115,833,92,0.6,2
M009,75.14323258,3.318127286,4.401259657,72.88857904,79,3302,55,0.55,2
M009,91.88793913,1.91769243,4.985820535,66.82132553,76,1680,90,0.5,2
M004,81.66980403,3.539395053,4.933717161,58.5463036,143,1588,93,0.51,2
M008,53.84080005,1.44147995,4.325901249,67.65631299,48,3192,52,0.4,3
M010,86.53238579,1.689616306,6.153076492,73.45148374,47,3146,76,0.5,2
M009,79.16236367,4.045712298,4.803739148,66.7330738,41,3647,50,0.58,2
M004,79.90636221,1.821514595,5.088689585,64.86344308,44,4035,78,0.46,1
M006,80.96643834,1.884770809,5.403978275,82.89563224,39,2342,64,0.52,2
M004,71.97750324,3.237252533,5.440792492,48.86334457,45,2062,63,0.48,2
M001,70.87475347,3.316339156,5.664195273,73.42498467,111,1789,74,0.52,2
M001,90.46004148,1.719459902,4.326931982,72.58710133,110,3688,92,0.49,2
M003,68.15481788,2.034177921,4.872063092,72.02165378,39,739,52,0.48,2
M005,64.83750826,3.421703485,4.998799225,92.58266493,105,867,63,0.55,2
M006,95.19837892,2.999411069,4.832923809,54.51176162,149,835,95,0.52,2
M002,79.02821721,1.588826024,4.746795946,67.25095729,128,1255,95,0.44,2
M008,66.34133563,3.250446571,5.144506228,62.506126,83,4333,94,0.46,1
M003,74.46255491,3.48868056,4.879516434,65.70954052,76,3131,69,0.53,2
M007,70.29171023,2.070392556,5.078422122,56.91779457,33,578,63,0.44,2
M009,66.86645352,2.280576074,4.363802511,85.28320586,128,1626,78,0.48,2
M010,63.44820249,1.024962802,4.776101224,70.25290699,32,3507,83,0.39,3
M004,83.75507981,4.603731918,4.601670843,86.80925623,37,1634,70,0.64,2
M007,72.16890999,4.789805797,4.603031663,76.6287043,83,2253,63,0.6,2
M007,64.34815316,3.296575508,5.181642695,78.839347,145,4633,66,0.52,1
M003,80.22418613,2.815735899,5.119744734,74.5362296,41,2453,71,0.53,2
M002,67.94574352,0.959662507,5.25449526,74.10557245,120,2020,63,0.43,2
M008,69.56220567,4.736283651,5.044928081,83.87007319,41,3021,83,0.58,2
M004,64.26370994,3.201255559,4.721535596,70.74692867,116,2842,83,0.48,2
M004,74.10774547,1.10293108,5.230768287,59.46693674,142,4390,66,0.42,1
M004,81.56481212,2.498853211,4.412684162,55.31064766,63,2351,59,0.5,2
M001,62.93728691,2.942079037,5.841131172,84.63123953,37,2168,84,0.49,2
M005,66.15183633,2.536812146,5.631880581,74.28438696,66,1223,81,0.47,2
M001,70.01732117,1.746086471,5.42999072,64.62940459,141,775,68,0.44,2
M003,73.53657646,2.666109144,5.733819169,52.67352645,131,2435,64,0.47,2
M008,66.77568423,2.070534856,5.191448228,53.93364825,53,2129,71,0.42,2
M004,60.60225787,0.102501129,6.107647765,74.01064615,94,961,72,0.36,3
M004,82.67813919,2.276649459,4.732289061,76.56907879,120,1196,85,0.51,2
M004,68.96219761,2.502761836,5.306979204,73.86242299,47,2368,83,0.47,2
M008,77.20069633,1.641852754,4.83098098,84.78067726,61,2624,55,0.51,2
M006,63.21336911,3.196985522,4.371935353,60.14057055,42,1314,53,0.48,2
M007,89.43996666,1.933012524,5.347868749,82.84795424,109,2317,63,0.55,2
M007,71.05202437,0.957186858,5.505479603,63.09656957,93,4230,83,0.39,1
M006,74.51970469,3.448121439,5.941541127,83.1291504,119,3351,56,0.57,2
M008,83.43414309,1.664005158,5.44751959,83.06539584,148,3081,64,0.52,2
M010,87.89269863,4.756272265,4.132668039,78.39827835,81,2682,91,0.62,2
M008,84.42166505,2.924473094,5.23553664,61.63299527,140,3443,67,0.53,2
M005,65.92873654,2.84828933,5.286736493,50.70223145,93,2396,94,0.42,2
M006,67.39850728,1.407954201,5.193715936,75.69365919,146,3445,95,0.41,2
M003,78.51754677,2.160398366,4.979195771,65.78188821,109,4662,58,0.5,1
M006,80.5155927,1.677529087,5.066741014,70.06518075,114,1143,63,0.49,2
M003,75.89662251,1.76098313,4.61165857,58.96953401,112,3652,60,0.46,2
M005,77.73366746,2.586428517,5.076664331,72.63014682,57,1473,53,0.53,2
M009,70.0922787,1.777932007,5.367090397,66.5762435,137,1474,99,0.42,2
M010,67.96937102,4.108389311,5.616607352,63.42419454,48,687,91,0.5,2
M005,55.66558893,2.296159069,5.628388439,84.34605399,132,1025,89,0.44,2
M006,82.3638947,2.91118216,5.62439595,82.56438867,52,1795,73,0.56,2
M009,75.62315645,1.106206634,5.045935467,62.32679525,58,2083,86,0.41,2
M002,82.25766823,2.541722711,4.61313741,70.14320398,122,3208,66,0.52,2
M010,74.81750035,3.328709435,4.914271588,54.4638757,52,957,59,0.51,2
M002,77.33205964,3.986663664,5.175712387,68.02684659,149,1385,81,0.55,2
M008,80.79178019,3.716312039,5.118949094,67.05216957,45,4624,57,0.57,1
M005,85.8360608,3.286292563,4.938782594,76.09668073,70,2291,64,0.58,2
M008,82.84600318,1.991739649,7.026275061,78.34854759,41,527,53,0.53,2
M003,84.97812718,2.749011676,5.59268489,77.4188775,32,4728,72,0.55,1
M008,69.65284392,2.847589103,4.308922015,71.33399654,117,3292,66,0.5,2
M009,65.95485311,4.170162587,5.134481757,74.71095107,53,3895,66,0.55,2
M010,67.64048081,3.767922133,5.216994913,84.31924174,42,2105,64,0.56,2
M004,80.0599111,2.365953417,4.102031724,58.77414061,148,4709,60,0.49,1
M010,61.2147065,3.829996838,5.308875089,82.14808948,43,1844,62,0.54,2
M006,61.3030182,2.830290863,5.228483682,79.75134521,123,4500,58,0.5,1
M005,79.70602601,3.731984471,4.700062916,64.7396422,140,3382,50,0.57,2
M009,86.13948633,1.596639042,6.051301217,65.63923372,72,4446,79,0.47,1
M001,85.17540917,1.681596069,4.964641762,61.20795306,110,4598,68,0.48,1
M009,57.05742769,2.842351179,5.005100736,58.63099191,104,970,77,0.43,2
M005,82.95703142,1.808625503,5.202167739,72.34490718,61,1091,87,0.48,2
M001,85.76183321,1.750856735,4.695432615,75.33011435,50,1532,86,0.49,2
M010,78.75071915,0.739421406,4.903741888,58.56652714,149,4164,56,0.43,1
M001,81.22396871,2.473363356,4.748421548,73.64962181,97,1649,64,0.53,2
M005,87.70699585,2.25555567,4.461512227,82.36026109,97,792,77,0.54,2
M002,91.4104663,2.437444914,5.309218155,63.87639004,62,4553,69,0.53,1
M004,83.089292,2.873481188,5.039396509,74.97819177,95,1800,93,0.52,2
M003,57.57175668,2.718075509,5.401402029,78.93823955,137,3632,97,0.44,2
M007,64.84786597,2.749901709,4.182005582,64.39044023,57,4093,59,0.47,1
M010,65.0765716,2.11630958,5.262402898,77.77846671,73,2115,81,0.45,2
M005,78.07064517,2.729403248,4.983479544,74.29113465,136,4167,87,0.5,1
M007,85.84527046,1.126000453,5.274485959,78.88557874,134,1485,70,0.49,2
M002,82.08421043,1.488577929,4.960107827,76.65989655,79,3358,89,0.47,2
M010,76.10889479,2.321224916,5.440433665,59.00091227,35,1680,99,0.44,2
M010,64.72097234,2.461788973,3.950063384,80.62002202,40,3705,65,0.49,2
M002,76.76511276,4.140533571,4.189440261,88.04284453,102,4848,62,0.61,1
M005,80.59359209,4.605677066,5.303628255,61.81401301,144,2930,52,0.6,2
M008,94.00935613,1.412927623,5.733581335,66.34102648,31,2122,51,0.52,2
M001,76.23230273,4.405941348,5.033259137,69.6180923,58,1570,89,0.56,2
M001,64.35965765,2.766986986,5.276849963,66.53438962,55,2065,53,0.48,2
M003,73.33616671,2.668706261,5.149327224,64.40842443,83,2351,60,0.5,2
M004,67.76563186,1.989665017,5.785065708,86.94098078,70,3940,98,0.46,2
M005,82.82493495,3.116436423,4.905303779,96.21474786,42,1859,66,0.6,2
M002,71.75226527,3.369935652,5.31438429,65.44028782,143,2970,76,0.5,2
M006,62.94858208,2.360707988,4.998639902,72.29823155,134,4247,70,0.46,1
M004,67.9269466,2.364890733,5.016800658,72.29049738,46,1111,77,0.47,2
M006,76.16869382,2.726591991,4.662207806,71.56759522,105,3058,70,0.51,2
M009,82.32140563,4.481080894,4.93341093,67.79535756,100,1626,91,0.57,2
M006,77.93393956,3.352345166,5.409401888,84.15916357,70,1465,68,0.57,2
M004,75.44259386,1.778212799,5.074293115,56.99157026,125,3990,94,0.42,2
M007,74.86450452,1.807268536,5.328799241,76.63428119,146,965,69,0.48,2
M001,77.57962162,1.644432764,4.729106299,68.67048652,127,2225,92,0.44,2
M006,70.11402418,2.612948032,4.201101924,64.70797428,73,1202,50,0.49,2
M010,72.01696505,1.52688464,4.986654392,70.35419892,37,3920,87,0.43,2
M006,79.3838258,4.512034131,4.9423397,70.12504991,38,4429,85,0.57,1
M007,71.23004841,3.80408846,4.011464513,56.60974782,44,3754,67,0.51,2
M003,72.82459251,1.799347346,5.238919602,62.75012161,144,1809,64,0.45,2
M001,84.56833731,1.482594979,5.657735523,68.740065,54,3011,80,0.47,2
M007,55.52113363,0.995124007,5.252050537,73.39089161,103,2280,79,0.37,3
M008,91.3811275,4.205642943,5.360764515,82.65315981,82,2558,98,0.61,2
M008,62.46875212,2.970514762,4.501022356,77.80451907,102,3058,83,0.48,2
M008,60.71969167,2.869620354,5.431685231,64.22456468,82,1497,89,0.44,2
M006,85.29221791,3.201875781,4.726170947,73.67101853,35,1712,81,0.55,2
M010,74.95175378,2.425044035,4.968025754,82.45708664,115,2261,88,0.5,2
M002,72.84501798,2.51909472,4.959560214,51.21821,43,2016,50,0.47,2
M002,76.85767492,2.245623224,5.633819688,78.26028792,44,4128,69,0.51,1
M008,93.65003234,2.131774725,5.569454377,68.37728885,137,2160,64,0.54,2
M003,70.04303257,1.07266641,4.567698929,65.5991372,100,1046,74,0.41,2
M010,86.43987919,1.896792104,5.261888606,57.87210927,132,1997,69,0.48,2
M007,79.60070606,2.9711058,6.049879199,75.60540425,62,2042,90,0.52,2
M009,77.08355296,2.965346174,5.554133411,76.14335885,124,1901,72,0.53,2
M003,55.75511839,1.488958235,4.505907038,69.40918935,136,1947,51,0.41,2
M008,78.89960586,2.089365308,5.227843514,61.30221967,137,828,90,0.45,2
M005,87.04068019,1.992616318,5.331549623,80.97208046,98,4544,62,0.54,1
M008,78.03444751,1.94033731,4.473759962,81.60611418,50,1598,60,0.51,2
M005,67.6724637,1.306289012,5.132599318,74.86449684,39,4145,59,0.45,1
M005,76.13400063,3.138450935,4.018779888,67.51954101,57,1113,77,0.51,2
M008,74.51034811,1.74109516,4.991246775,58.01508262,34,1292,69,0.44,2
M005,64.69985424,2.134901777,4.864381929,66.56276322,88,3400,99,0.41,2
M009,81.26076426,2.757130652,4.699425932,64.58270587,112,2733,91,0.49,2
M002,66.91858146,2.036677635,4.467621922,72.96654853,115,2384,74,0.45,2
M002,68.25779594,3.137353683,4.543667712,81.08651613,75,3637,52,0.54,2
M006,65.61822625,0.743638968,5.339910173,73.9167542,67,2380,90,0.38,3
M001,53.14289518,2.855977124,5.430131486,62.04522348,49,3549,76,0.42,2
M003,76.34185174,1.425846618,5.036808255,59.14174828,56,2843,85,0.42,2
M006,65.00687242,3.489074211,5.461392548,75.09125995,96,854,65,0.52,2
M009,71.06018637,1.482963331,4.88859215,56.8396574,121,2287,96,0.39,3
M010,70.37050935,1.706874655,5.332477729,73.87598328,81,2563,51,0.48,2
M010,78.97244609,3.443566882,4.990069476,78.07242388,37,4853,60,0.57,1
M009,72.75744841,1.940268088,5.083553502,69.02047254,141,2831,66,0.47,2
M007,86.99658676,0.837373678,4.92743119,59.92739409,123,2844,72,0.44,2
M005,74.15347458,3.189431571,5.578456845,54.06746008,122,1851,61,0.5,2
M006,78.1311883,1.323296485,4.798764654,76.33089007,118,2306,54,0.49,2
M002,71.73163707,2.263763869,4.775162463,60.38632131,60,2244,85,0.44,2
M010,73.6948492,3.502650913,3.803157924,66.63362917,37,2926,60,0.53,2
M006,69.06204678,0.685973652,5.476091872,68.57951887,89,4770,76,0.4,1
M005,85.47009175,3.115700729,4.335710171,75.74517341,105,4126,83,0.55,1
M003,78.25176797,2.705266894,4.863660984,69.44685441,39,3098,69,0.51,2
M005,74.8418029,3.873807827,4.765101653,63.90605243,107,695,67,0.54,2
M001,63.58235907,-0.343485292,5.972296997,70.99869502,125,899,85,0.33,3
M001,78.83611971,2.099264431,4.922692929,63.88080686,66,2025,56,0.49,2
M006,85.38239593,2.440947918,4.86325285,60.58525448,42,1939,91,0.48,2
M007,52.96839539,1.937909675,4.616085367,67.79449643,57,2454,54,0.42,2
M009,91.69228755,3.71971075,5.846199001,71.83976194,141,4526,53,0.61,1
M010,88.16958837,3.383046128,5.344491976,66.27327727,47,1068,70,0.56,2
M010,67.11059231,2.54828028,4.142772973,59.70380126,93,2418,71,0.45,2
M003,80.75369627,2.280249504,4.551216657,75.06803094,67,1474,95,0.49,2
M004,81.31056518,1.503182698,4.699016693,64.500257,115,3425,93,0.44,2
M002,74.24176378,2.509044208,4.647695633,75.33630279,75,748,59,0.51,2
M003,90.0103884,2.619243329,5.053657957,65.21425308,37,3827,53,0.55,2
M001,106.0486743,2.497833547,4.429354798,86.17749311,45,3955,76,0.61,2
M002,76.62669999,2.30135974,5.127823852,58.17983953,113,1954,94,0.44,2
M001,61.14414914,2.542482539,4.308532525,54.58688122,106,1528,71,0.42,2
M003,80.13835193,2.673676646,5.036181755,81.33573291,83,1158,89,0.52,2
M007,88.56078147,2.951610683,4.942431698,64.73991763,73,2396,99,0.51,2
M002,82.09533577,4.767180195,5.467837228,64.51912099,95,1717,88,0.58,2
M001,75.86367567,4.289313086,5.531971723,49.10429763,107,3234,90,0.51,2
M001,80.28748846,2.193430553,5.617674325,64.62623226,44,2175,93,0.46,2
M006,70.19622509,1.629608366,4.861432265,59.19825315,94,1499,87,0.41,2
M010,67.36851177,2.45633298,5.154379102,77.11640607,114,4017,96,0.46,1
M008,71.14939738,2.408825766,5.256774513,82.87392649,120,1381,74,0.5,2
M010,85.6223433,2.808085661,4.080394724,56.39174219,108,1547,82,0.5,2
M007,62.03498233,0.178369593,5.340592825,59.33317297,62,2718,57,0.35,3
M002,62.17060671,2.449717026,5.843151787,74.92562178,52,1965,85,0.45,2
M008,59.07197201,2.156023929,5.431455371,74.32844554,32,2622,56,0.46,2
M003,66.55720981,0.554931267,5.115764952,60.12750205,49,2570,75,0.37,3
M001,70.19797626,0.932670846,4.506033696,67.24453022,147,3179,82,0.4,3
M003,71.73296005,3.834350326,4.934846704,67.7179942,135,2289,92,0.51,2
M006,65.46395387,2.177248974,4.936608703,79.66809571,73,3678,93,0.45,2
M001,74.96492008,3.638734774,4.440004285,67.96887351,113,4964,54,0.55,1
M005,60.10999645,3.382648077,4.936211144,66.72423087,50,796,71,0.48,2
M008,73.4025336,2.216732491,4.569549446,69.25586177,133,3883,50,0.5,2
M009,75.72377586,1.86317355,4.920663247,86.18225961,34,4760,65,0.51,1
M004,83.52351357,2.445018857,5.057558035,51.46396483,50,579,72,0.48,2
M008,76.80583207,3.062344039,4.11893793,78.31052891,74,3848,97,0.51,2
M009,77.43307664,1.249931511,5.691990246,56.24384284,98,869,91,0.4,3
M002,81.23522103,1.587135682,5.549264311,50.45319004,125,3914,99,0.41,2
M006,64.68282988,2.636172883,5.404943908,72.60805521,92,991,93,0.45,2
M003,69.91282779,1.916436528,4.922196036,69.55848914,116,964,54,0.47,2
M007,70.73572975,1.380444274,5.06762327,53.77686311,122,2356,52,0.42,2
M006,87.44033948,3.746267343,4.985349428,82.29368314,112,3526,58,0.62,2
M009,71.50021873,1.281892028,4.345181563,55.69520436,51,1899,86,0.39,3
M003,77.97921065,2.139590014,4.309585819,83.78416788,143,4757,61,0.53,1
M005,69.26110518,1.682598189,5.400757159,68.38801978,61,908,96,0.42,2
M003,87.47811198,3.378195464,5.496461272,87.78232747,106,3563,50,0.62,2
M002,76.41835167,2.276932965,5.390568738,74.55398171,96,2681,84,0.49,2
M008,77.71873163,2.880198369,5.040153229,77.8649016,54,4550,94,0.51,1
M007,74.03726692,2.481507412,4.361232089,79.90321529,85,3860,63,0.52,2
M002,71.74637122,2.632337827,5.207316448,67.32482327,79,3472,94,0.46,2
M009,88.37831021,3.202692385,4.853957762,69.37146503,81,2791,89,0.54,2
M004,82.45404197,3.36243341,4.422455455,69.10188826,123,726,68,0.55,2
M008,81.34540288,4.929282643,5.134309355,59.33283374,75,2442,72,0.59,2
M001,72.37216611,3.849126348,4.380718405,75.51159774,34,3165,70,0.55,2
M005,79.6911671,4.636559129,5.353813165,66.2443054,146,3096,88,0.57,2
M007,69.18162168,3.728839295,4.86488584,72.78485081,76,4742,93,0.51,1
M003,73.59165637,2.242539815,5.385320613,81.42477645,59,3470,51,0.52,2
M006,61.74923529,2.610682406,5.013163917,88.57928561,134,4707,63,0.5,1
M008,71.56311652,1.941005272,5.776520538,64.44303323,113,4150,61,0.46,1
M009,60.36594042,3.923962272,4.262104551,94.42332808,99,3862,91,0.54,2
M003,83.20482438,2.040269269,5.055016545,64.23142905,80,760,74,0.49,2
M006,67.59953082,3.233989227,4.373304414,86.16465458,123,2516,89,0.52,2
M004,73.51472448,2.538591863,6.291903424,70.45920492,118,2176,64,0.5,2
M003,78.46177746,1.277979128,4.876814071,60.46960842,117,684,79,0.43,2
M010,88.66990433,3.765366093,5.352327043,67.71396904,63,1625,63,0.59,2
M008,64.50993077,2.301523485,5.658641404,75.99650467,121,4004,67,0.47,1
M002,88.14402425,2.804636296,5.315479539,63.11407347,50,1315,59,0.54,2
M007,58.10941551,3.889163048,5.520877115,87.25526579,93,3679,62,0.54,2
M001,69.97896996,2.303477881,4.547847093,83.79309336,43,2162,74,0.5,2
M008,79.36713967,4.26355744,4.881359409,77.17765409,134,4874,50,0.61,1
M010,82.5585496,3.072821006,5.157622463,63.85881593,147,4492,97,0.5,1
M010,66.1889285,2.813537967,5.092282176,79.48417934,58,3323,86,0.48,2
M009,78.1933319,4.447816787,4.708846436,65.54950306,127,3245,50,0.59,2
M003,82.69531469,0.858746798,4.691271849,70.35522431,115,1246,52,0.47,2
M001,90.8637388,2.40061967,4.605692651,74.20584047,44,1611,57,0.56,2
M010,70.02501342,2.061740883,3.664877001,53.62719261,145,4552,98,0.4,1
M007,65.51278177,2.542932245,6.105445496,92.24886381,48,3692,83,0.5,2
M008,74.33609596,0.290648394,4.954535914,78.24230026,136,1263,83,0.41,2
M010,63.31103734,3.791403548,5.131964077,60.21337167,144,592,79,0.48,2
M006,93.96494383,3.808315831,4.738050086,77.90126213,72,4973,56,0.63,1
M001,83.13073632,3.067757077,4.67146854,80.13237887,125,1801,87,0.55,2
M005,70.95782988,3.739012992,4.942991942,55.22719293,41,806,72,0.5,2
M001,59.51220177,4.126142799,5.227181854,64.50928912,126,1451,99,0.47,2
M005,79.65045461,3.590723586,4.821446404,70.26572283,119,2317,64,0.56,2
M008,49.06853816,2.1285285,4.679013169,71.57151871,58,558,93,0.38,3
M002,101.7351097,3.095787802,5.75481198,69.49870634,82,3061,75,0.59,2
M009,67.67315809,2.948689768,4.704441631,70.20425519,40,933,85,0.48,2
M010,91.39488659,3.082167044,5.977148619,72.68100034,140,3842,57,0.59,2
M001,78.88720123,2.464210314,5.380845168,75.60769349,55,837,53,0.53,2
M002,75.34852876,4.128345959,5.46701688,63.78651037,33,1461,91,0.53,2
M007,64.53522057,1.282603881,5.651716721,67.3328999,127,1179,90,0.39,3
M010,83.53724672,1.576213564,4.638210038,69.2641581,57,2638,65,0.49,2
M006,79.43613923,2.81988614,5.251145613,66.19995761,51,3386,81,0.5,2
M010,75.27721688,3.997776541,5.339229577,69.94102901,117,533,99,0.53,2
M002,66.77378585,1.268531251,4.542051303,60.61912481,109,4898,64,0.41,1
M007,68.01049561,1.505723288,4.692639271,88.20898676,100,1546,93,0.45,2
M009,84.06857695,1.779770912,4.83824539,63.19130624,104,4200,53,0.5,1
M001,82.61803778,0.59554776,4.345183318,85.99034624,50,2410,99,0.44,2
M009,61.55314575,3.477568032,5.280007574,75.51953148,132,1987,52,0.52,2
M007,86.64434646,3.320759304,4.061387947,97.68692048,54,2404,88,0.6,2
M003,74.49147479,2.675494968,4.492538654,79.57408927,132,4000,65,0.52,2
M004,65.59851086,3.364154213,4.083245228,56.23384906,119,2443,75,0.47,2
M007,61.72284104,0.694442739,4.916761307,60.69817531,100,4127,99,0.34,1
M007,66.63372071,2.653022594,4.506698818,81.85019638,50,4611,51,0.52,1
M008,86.52332609,2.148175828,5.605862149,62.43527102,92,2701,75,0.5,2
M003,69.13451911,1.154515164,4.494689415,63.66850996,67,1021,96,0.38,3
M003,90.09725798,3.999034405,4.577941691,60.96979417,88,2163,83,0.57,2
M003,90.82787254,1.596573584,5.123656491,76.83897764,92,1751,93,0.5,2
M003,87.6967884,2.677916807,5.380732882,62.38569833,97,3384,53,0.54,2
M010,71.06242684,2.538506982,5.588618301,64.49017611,48,2208,79,0.46,2
M004,89.798861,2.12594035,4.719258488,76.99573503,110,1885,55,0.55,2
M005,92.0854637,3.239305841,5.723505333,67.63807783,146,975,55,0.59,2
M010,87.73640332,3.421414181,6.239925767,70.32654603,73,2264,83,0.56,2
M010,70.05296631,1.885763381,6.166878267,76.48003185,109,1142,79,0.46,2
M006,79.6413466,3.846665823,5.03234722,66.71854155,44,2679,70,0.56,2
M008,62.22779534,0.835390265,5.613575837,71.26131516,51,4830,81,0.38,1
M004,87.65197252,2.474991294,5.184516166,61.01857122,78,4986,84,0.5,1
M001,98.47047483,3.151161461,4.7921559,66.43913376,52,2349,67,0.59,2
M006,73.28750825,2.755053349,4.920217359,69.46108006,101,4777,77,0.49,1
M004,61.78993504,3.416083224,4.89726749,71.3674961,105,3309,80,0.48,2
M010,81.30815849,1.498641501,5.517942331,63.83346878,149,2722,65,0.47,2
M008,68.80763535,2.2022026,4.475436754,83.91153985,102,2842,64,0.5,2
M004,69.29854121,0.53729242,6.029300873,67.86173182,144,2540,53,0.41,2
M004,85.47912969,2.325603682,5.981398122,83.97223352,140,1379,62,0.56,2
M001,78.67232299,2.215233022,6.199249303,68.54540949,58,2530,91,0.47,2
M010,59.61964292,3.541852144,4.819656265,59.05234136,44,4607,88,0.45,1
M009,67.27630216,1.875363357,5.52573166,77.60144848,147,955,77,0.46,2
M002,58.76042791,2.039982839,4.258504066,71.11040151,107,3077,67,0.43,2
M010,76.14710618,2.126218395,5.307587219,60.40185994,71,2245,64,0.47,2
M008,85.73052159,2.625699822,5.366726442,81.59613588,107,1940,87,0.54,2
M003,74.0311417,1.047204104,4.90866898,62.01147699,67,913,50,0.44,2
M002,66.37647627,2.726459031,5.312649096,62.25475391,122,4242,80,0.45,1
M008,73.84827072,2.978202262,5.060059442,71.28218729,140,4943,93,0.49,1
M005,90.30732393,3.311143259,5.087187693,81.60659889,65,2067,78,0.59,2
M008,93.4680604,2.316808654,4.899602502,88.205151,137,4530,99,0.55,1
M009,82.8631271,1.932495066,4.670778417,67.50072063,107,2573,77,0.48,2
M002,79.89940583,2.230997224,5.162344291,86.07046683,137,4731,65,0.54,1
M009,86.58110848,2.320393502,4.670574375,60.99161573,45,3960,56,0.52,2
M003,97.18739677,2.420938016,5.595934253,76.66927661,125,2594,60,0.58,2
M004,79.12218402,2.613624457,4.539025236,86.37652508,74,3967,61,0.55,2
M005,60.46834854,2.686487954,5.335174351,84.3966898,35,2561,73,0.48,2
M002,74.02276947,1.042392321,5.035552785,77.0494725,67,3539,54,0.46,2
M005,71.6402049,1.099080672,5.649365054,71.12422455,133,4263,85,0.42,1
M008,77.49198543,1.421462927,4.795157905,61.02159371,73,714,51,0.46,2
M001,79.69998261,1.630019808,4.976074243,74.76366156,66,1784,93,0.46,2
M004,85.585043,0.072796742,5.176711262,76.44662595,61,1291,95,0.42,2
M003,59.39109097,3.34150468,5.295884412,70.34371761,126,4627,80,0.47,1
M006,81.74401241,2.934632365,5.592207731,61.77248724,38,3298,72,0.51,2
M005,76.55427331,2.733747176,5.597080091,70.84639779,55,1055,99,0.48,2
M001,87.91946697,4.271388974,5.031329683,72.42992028,92,2818,50,0.63,2
M010,79.61512405,3.176647939,5.598896261,78.56366287,126,3288,73,0.55,2
M001,81.6248106,2.561227608,5.653639299,58.75973815,133,4082,54,0.51,1
M002,84.31009464,2.532401441,4.739747546,56.637905,66,570,76,0.49,2
M003,88.38115216,3.564114183,5.737580674,78.35829238,132,4087,75,0.59,1
M005,72.33762468,0.619556945,4.550616388,50.74541782,112,3844,74,0.37,3
M001,82.58106199,1.332499641,4.961209604,88.78846709,62,2966,86,0.49,2
M003,60.04121802,2.055844642,5.015462709,81.466823,51,2046,89,0.44,2
M001,85.12067865,2.357992387,5.315487245,81.11664755,114,3030,89,0.52,2
M001,76.13134238,2.080838058,5.404859133,79.96701374,118,4716,93,0.48,1
M001,62.27175388,1.243238655,4.591358125,53.5936556,125,2095,95,0.35,3
M008,73.93348709,0.568623139,4.96201446,65.45029687,78,2355,86,0.39,3
M004,74.81650979,2.933880851,5.761148782,76.2093699,112,1954,95,0.5,2
M005,76.33093735,1.67910886,4.562246077,52.01121341,103,4491,64,0.44,1
M001,82.34260917,1.85094628,5.376162447,55.29339043,31,2550,89,0.44,2
M002,75.83080514,0.477538415,5.424601155,57.2626172,69,1139,83,0.38,3
M002,84.3725809,2.175167626,4.961805182,85.6320146,64,3780,90,0.52,2
M002,75.02782371,1.602953569,5.446124858,83.68497701,90,3017,95,0.46,2
M009,74.90913425,1.666199998,4.77598307,59.65185068,147,1594,77,0.43,2
M005,64.30749406,3.177639688,4.517290245,69.68228827,130,2837,68,0.49,2
M007,91.5698847,3.237291317,3.624493322,85.11080195,115,4425,80,0.59,1
M003,62.16822572,3.584726142,4.971208992,60.39479282,122,2863,51,0.5,2
M006,67.8271205,1.598218413,5.619181416,72.57138466,58,3662,80,0.43,2
M009,89.35247026,2.71494017,5.456546015,77.61497981,101,1920,90,0.54,2
M002,84.4893999,1.699019207,5.306529588,87.40264434,71,2929,86,0.51,2
M004,69.54554001,1.408870963,4.89119091,78.96077589,97,1447,61,0.46,2
M006,73.00060151,2.395875846,4.993709309,61.88934848,120,4710,62,0.48,1
M006,61.91951478,1.408024525,4.514619668,60.93183953,87,4570,81,0.38,1
M008,77.32128512,3.59670643,4.085222477,63.7363469,135,2386,93,0.51,2
M010,67.96728477,2.26083362,5.471001458,65.69961995,60,4128,91,0.43,1
M005,62.7932995,3.587356826,4.753856005,65.4500058,67,2377,80,0.48,2
M008,76.66265646,2.142093935,5.280358641,68.53862304,74,3695,93,0.46,2
M009,93.82361859,3.017421799,4.492681813,79.78760882,83,3242,68,0.59,2
M003,73.84377885,2.718992523,5.820364471,71.62860084,121,1991,54,0.52,2
M001,76.89711729,1.238581008,4.838556798,77.73901796,131,611,58,0.48,2
M004,86.61923602,1.142177538,4.558770476,62.87928203,129,1762,57,0.47,2
M009,60.46573503,4.265709266,3.850944206,78.74744083,138,1166,90,0.52,2
M003,69.42718876,1.210234418,5.533708477,75.22817538,145,3836,72,0.44,2
M005,76.73916084,3.868129808,4.109771424,73.46113787,107,1938,62,0.57,2
M001,69.76455619,0.508677953,4.712079064,83.66974646,79,2156,60,0.44,2
M002,84.01610915,3.007341022,5.297249903,76.17836783,149,952,93,0.53,2
M003,60.60435947,2.465885097,5.506219218,69.47760913,57,1831,68,0.45,2
M003,54.26579111,1.56532129,4.622147507,67.83016739,107,3303,97,0.36,3
M002,71.23823397,2.44929078,5.228234876,83.24828422,143,3064,76,0.5,2
M007,69.17363126,2.72650865,5.337364273,49.08143578,120,4274,59,0.46,1
M004,66.57380079,3.531867983,5.512693282,69.65573507,35,1580,99,0.48,2
M006,80.28303035,1.406563418,5.423368789,58.47577421,129,3406,55,0.46,2
M001,75.58401472,1.91176354,4.294216922,90.15726226,82,3880,86,0.5,2
M007,94.65327508,1.872116786,4.740659709,73.42963532,32,776,95,0.51,2
M006,62.06464256,1.404566543,4.764848429,73.02076849,137,1575,63,0.43,2
M003,82.73107207,0.847632984,4.726185061,68.2533106,94,3930,95,0.42,2
M006,81.18663937,3.545134548,4.543852518,72.29763887,141,2688,77,0.55,2
M010,68.98416319,4.107640921,5.217542199,64.32110704,147,4270,81,0.52,1
M009,89.97368971,3.287901402,4.911094008,51.50958804,103,1685,91,0.51,2
M008,78.71212868,3.060237039,5.030663585,63.62298706,146,1169,70,0.52,2
M003,83.06564177,1.97961788,4.808477918,76.0439257,114,4453,64,0.52,1
M008,85.77953895,3.046073513,4.18760932,84.77993967,66,4494,58,0.59,1
M005,73.85712044,1.53421498,5.102507386,57.22151683,43,3877,64,0.43,2
M010,77.13645882,0.825814301,4.930988362,41.13277196,73,2915,51,0.4,3
M006,53.00389281,3.028517884,4.729157199,60.16736923,67,1717,77,0.42,2
M004,83.39184868,3.257662873,4.701119834,57.50333552,80,1330,63,0.53,2
M005,65.97913734,2.098012442,5.071896875,72.07472904,124,946,65,0.46,2
M006,85.56655284,1.767531543,5.364117915,71.59542327,49,4927,81,0.49,1
M008,59.18742429,2.706646438,4.720895734,64.23757797,81,2043,74,0.44,2
M009,83.37507872,1.25447941,5.084815853,62.56771061,81,606,76,0.45,2
M001,79.28812315,3.164714086,4.632713307,73.38066912,64,1724,52,0.56,2
M009,76.12787863,3.782648641,4.931168085,91.14175218,107,606,51,0.61,2
M004,74.50623096,1.830995377,4.805067188,69.54725193,47,4027,54,0.48,1
M008,84.4231221,2.112100791,5.070146705,64.25126308,146,4243,57,0.51,1
M004,73.63552537,3.0549402,4.803631319,81.40123582,125,2748,64,0.54,2
M001,70.93797761,3.351069214,5.027175739,44.29013857,102,3337,95,0.44,2
M007,62.69224454,1.67987828,5.547529433,80.0156228,62,1183,55,0.46,2
M001,63.89347804,3.950480785,4.820195148,73.46637728,56,3571,64,0.53,2
M006,71.21707116,1.790621292,4.853130957,70.05253113,53,4870,94,0.43,1
M008,67.02040522,2.19519591,4.642076729,71.89516196,55,779,89,0.44,2
M007,77.2962793,3.575393446,4.508103041,66.49273517,122,3595,87,0.52,2
M010,72.12893307,2.082161676,4.501863952,72.30582308,109,2663,70,0.47,2
M008,66.33773052,2.574755323,5.427772192,75.63178698,132,1809,79,0.47,2
M005,75.60608836,1.441389409,5.58115426,58.3888761,76,3072,64,0.44,2
M010,74.24182604,3.46195662,4.875412081,66.3790395,39,563,71,0.52,2
M009,62.3196445,2.358777464,4.833352557,80.29225829,133,3907,52,0.49,2
M002,63.42680013,0.881194691,5.168843499,55.63710302,142,862,81,0.36,3
M005,90.65171933,2.171517029,4.761085811,74.26775924,96,1997,78,0.53,2
M004,70.18926443,2.868161695,4.658580269,80.14756624,75,1431,71,0.51,2
M010,72.28087999,2.726228821,5.656386559,67.15913347,30,1000,60,0.5,2
M005,72.88663914,3.9939382,5.002249774,52.86357031,96,3720,95,0.49,2
M004,70.2299762,3.323309452,5.437761804,74.2026721,96,1383,59,0.53,2
M004,60.81291462,2.688846357,5.47967868,89.21826389,91,514,89,0.48,2
M006,70.32565656,2.46961451,4.95391125,51.96032101,129,4866,97,0.42,1
M006,82.83718782,2.625983954,5.395573356,73.40538057,96,2031,73,0.53,2
M008,79.75366034,2.698996514,5.845200254,78.57685468,53,4506,72,0.53,1
M010,87.5221291,2.125035922,4.695827353,76.6463883,63,3392,56,0.54,2
M009,65.71730549,3.29414006,4.771947132,62.60907384,141,1851,83,0.47,2
M001,91.40503393,2.500421259,4.871929703,59.99607431,122,3864,82,0.51,2
M002,59.48469453,2.177435216,4.288214679,91.17193773,124,3791,98,0.45,2
M010,63.10054947,2.614346891,4.188533499,60.00880361,31,2243,77,0.44,2
M003,66.40659716,2.189633622,5.531166831,71.35229211,132,3213,60,0.47,2
M004,75.81062871,3.848147849,5.015402349,88.01813945,131,3341,69,0.59,2
M005,85.93068587,2.732594908,5.803273693,61.32165266,96,1845,91,0.5,2
M001,70.18226737,1.212480974,5.933518554,95.57730919,109,1044,83,0.47,2
M002,69.13942898,2.43926859,5.14527213,78.78723413,104,1760,73,0.49,2
M008,75.45592164,2.14519265,4.879886067,50.52760975,121,3924,76,0.44,2
M007,85.27704407,2.487987927,5.248290835,79.01525506,80,4331,87,0.53,1
M004,68.52311974,2.46502025,5.040125495,53.47260857,37,2293,83,0.43,2
M010,59.62152674,1.101480352,4.664428197,68.85353486,137,3530,87,0.37,3
M001,66.87595001,2.25879725,5.287530384,68.94947124,137,3691,80,0.45,2
M002,75.29046772,2.764297822,5.234287535,85.32499775,65,2061,90,0.52,2
M005,72.7987632,1.554747342,5.09499543,73.84195492,34,4635,80,0.45,1
M002,78.06937707,1.517759921,4.98859062,81.76230564,141,3755,72,0.49,2
M006,72.37826297,3.244898449,5.059367044,74.9200691,42,940,68,0.53,2
M005,73.92674004,2.291071513,5.32522998,50.01759385,65,1092,58,0.46,2
M008,74.73205653,4.219846211,5.308620227,76.71829638,77,4763,62,0.58,1
M001,91.71520235,0.781249107,5.554228328,58.61919039,124,2780,67,0.46,2
M003,48.90158207,3.356059223,4.496513364,83.63967874,53,1742,90,0.46,2
M009,65.09973764,2.854617568,5.590679612,68.16028399,91,4710,78,0.47,1
M010,77.8591866,3.301830983,4.551513848,62.28858643,34,2955,81,0.51,2
M010,88.4882942,2.991202939,5.873195819,71.23220241,121,2259,74,0.55,2
M003,73.49580146,2.02530223,5.687399457,63.19830598,122,2974,93,0.43,2
M001,79.47359302,1.526768225,4.269865993,75.04633621,146,4789,79,0.47,1
M002,69.72878615,1.297583798,4.725702282,79.311388,41,598,76,0.44,2
M001,68.65656894,1.572487806,4.835079712,69.58852835,113,3396,86,0.42,2
M003,66.70962542,2.929624941,4.65025761,72.80042261,42,2357,61,0.5,2
M009,65.65648391,3.247702115,4.392791163,80.1365983,125,766,95,0.49,2
M003,86.42385144,1.531070652,4.963347421,74.99048835,79,4328,80,0.49,1
M003,76.81839037,3.033746104,5.421353009,72.49661179,131,4015,56,0.54,1
M010,87.64578377,0.982462868,5.080519754,64.71462574,135,3587,52,0.48,2
M006,70.69900796,1.989187174,5.274566028,84.56912613,37,1736,80,0.48,2
M008,82.44584027,3.591891314,4.890078148,73.6903173,74,3308,63,0.58,2
M005,58.25702279,1.839257964,4.66851061,58.18161431,114,2059,79,0.39,3
M008,68.24538555,0.533560731,4.470247282,82.5580831,53,4991,71,0.42,1
M001,73.14834771,1.493730646,5.707147553,62.06705668,101,3173,55,0.45,2
M004,86.30703309,2.945538847,4.443684719,77.2507314,111,2273,66,0.57,2
M003,89.78126826,2.778619192,4.748317953,56.78972917,96,2788,87,0.51,2
M009,69.83551058,2.87427818,5.064568477,76.66126468,109,3828,84,0.49,2
M007,81.4813727,1.393380589,5.543551181,57.00093684,55,3833,66,0.45,2
M010,69.29328651,1.464377653,5.418072828,65.90251293,72,3478,60,0.44,2
M007,71.44688114,1.503407264,5.358008672,60.65079151,131,3316,86,0.41,2
M008,54.84400563,1.863474277,5.615280214,77.23881365,101,1879,82,0.41,2
M001,80.02422129,2.613096138,5.269736687,67.20401713,69,2147,65,0.51,2
M009,54.12110965,1.274232183,4.668960106,86.13802715,79,4038,51,0.43,1
M008,58.81789205,3.869387673,5.584697037,56.47176575,86,3592,58,0.49,2
M009,75.68471369,1.033792169,5.839287977,73.99706539,56,1703,95,0.42,2
M003,63.53508792,3.007081259,4.782418169,83.10760527,139,4110,94,0.48,1
M010,67.30231122,4.13682569,5.209288341,41.04781688,138,1885,88,0.46,2
M002,72.78173219,3.768909643,5.055663249,72.68289858,114,3954,59,0.56,2
M006,78.14052968,0.453065313,4.774623945,66.77051172,41,4557,53,0.43,1
M004,68.4436362,2.061414289,4.600522614,77.60976774,95,1524,66,0.48,2
M004,65.3570536,2.029338638,4.666357632,74.13827323,141,1096,57,0.47,2
M005,63.2865699,3.161422784,5.271149385,69.81976747,55,1021,75,0.48,2
M004,90.42255946,0.877072419,5.391743161,73.19044872,130,4571,65,0.49,1
M007,88.90427474,3.370248994,4.81375406,66.27626942,97,1707,81,0.55,2
M006,76.84652776,1.483439121,4.893900268,60.82633671,41,4392,76,0.44,1
M001,60.43162131,2.01904253,4.605806943,53.33310865,71,2438,69,0.4,3
M008,72.61721539,4.437454897,5.190583854,58.11499168,85,2857,76,0.54,2
M010,80.92351921,1.690711713,4.976148765,69.03851592,93,3608,85,0.46,2
M008,90.21330161,3.156357451,4.926240218,83.9744796,136,1533,70,0.59,2
M001,77.36325903,3.267476073,4.999738738,79.77294243,126,4502,61,0.56,1
M005,70.26428766,3.02180874,4.614226598,60.95185216,141,1638,84,0.47,2
M009,72.82047947,3.463296605,5.085299397,73.40257324,94,4991,98,0.51,1
M007,58.92640343,1.800681792,5.10982258,72.08149972,89,1543,95,0.4,3
M008,64.14543923,2.814031624,5.199248675,72.84491935,148,4470,65,0.49,1
M007,83.59257225,1.567887254,5.439073968,71.89175739,99,4717,61,0.5,1
M009,66.12241995,3.394049597,4.909754171,64.48910428,76,3687,87,0.48,2
M010,74.75895122,0.975584662,5.055184428,78.10497499,87,3819,89,0.43,2
M003,76.23329074,3.84028257,5.090928958,54.10339228,126,2956,77,0.51,2
M006,68.78372826,3.557868528,4.988808597,44.89885078,141,4229,83,0.46,1
M008,71.99906039,2.984159119,5.161207991,60.55012849,74,4167,50,0.51,1
M009,78.3565799,3.669800953,5.005041483,66.3551422,60,3775,89,0.53,2
M005,91.20429645,1.826953155,5.135897843,63.54004015,43,2897,96,0.48,2
M001,83.483295,3.512136461,4.941392713,80.69203929,78,2802,68,0.58,2
M006,87.82098921,3.832189111,5.116107253,76.56740544,84,789,74,0.6,2
M001,91.10171529,2.719309636,5.462817843,76.04975846,98,3971,57,0.58,2
M005,64.1829716,3.872061424,5.55118771,74.09738633,102,1141,65,0.53,2
M007,67.81318075,3.851135913,4.749135548,69.3950596,93,3825,99,0.5,2
M009,77.35762132,2.713453019,5.197204266,97.62525241,116,2122,70,0.57,2
M002,85.71124574,2.52996544,5.336179604,59.22127186,65,2414,97,0.48,2
M004,71.70085265,2.451793919,5.629441687,68.23177724,43,1938,89,0.46,2
M001,73.21390025,3.621905711,4.734173088,71.6650704,128,3272,87,0.52,2
M004,72.0919392,3.554593516,5.02670874,51.90673007,59,2549,88,0.47,2
M006,85.51194011,2.845613416,5.144114565,56.90447185,31,3353,68,0.52,2
M006,83.59310098,2.512477049,5.950817885,68.55653057,78,1860,67,0.52,2
M004,72.94787026,3.132442466,4.159811804,83.42460595,124,2372,83,0.53,2
M007,85.75124275,2.35839019,5.534260442,68.54443301,37,2256,64,0.52,2
M008,64.47034922,1.834546067,4.948096659,87.42797234,112,4848,57,0.48,1
M008,50.18705013,1.056110423,4.242144831,86.72046882,106,4265,71,0.4,1
M010,57.99795125,1.235855865,5.416399502,59.48408607,63,3757,88,0.35,3
M010,71.40977436,3.179512254,4.34619776,71.91036242,35,845,76,0.51,2
M010,89.02072147,2.438047254,5.934634642,50.26234952,49,828,74,0.49,2
M005,70.92176914,2.698902662,4.343255434,72.01400093,39,1324,76,0.49,2
M007,61.70356698,2.309471632,5.026387758,78.81498948,32,2712,81,0.45,2
M010,68.83779447,1.135752245,4.674068933,65.52186798,117,2696,74,0.41,2
M007,78.89886819,0.730541405,4.41637572,69.79094592,49,3701,69,0.44,2
M009,66.43693431,3.132967651,5.397927815,77.24420705,105,3877,90,0.49,2
M004,90.17520109,3.340838759,4.825908715,89.58498402,136,2603,79,0.6,2
M005,83.50093989,2.088942208,4.644995944,72.72272686,57,2393,65,0.51,2
M009,82.30113357,-0.037388596,5.5491646,81.27236556,119,670,66,0.44,2
M001,82.8990008,3.226003433,5.082303923,59.9741641,33,1737,67,0.53,2
M006,75.41689037,2.084998418,4.806772385,77.90014668,86,2628,71,0.49,2
M006,77.19917151,1.141669916,5.605951802,74.94601776,67,4473,61,0.47,1
M010,87.38549955,4.226626506,4.604307757,65.85175292,78,1518,94,0.57,2
M003,68.79395736,3.35645068,4.649082919,45.94287257,74,4315,82,0.45,1
M001,79.08345164,2.782788696,4.353673738,70.26560105,50,1863,73,0.52,2
M001,76.48750896,2.855031598,4.009782885,75.13303911,129,3991,91,0.5,2
M001,74.85962891,2.366111073,5.107403761,76.0516865,135,1041,93,0.48,2
M005,76.32566068,2.954013802,4.940282063,78.02780836,36,1685,67,0.54,2
M006,81.87863327,3.373659677,5.109828629,75.17016898,137,1371,82,0.55,2
M010,73.49658077,3.80748419,4.430757455,67.92657724,44,2079,91,0.52,2
M004,73.47528645,2.863119342,5.495399044,93.81143901,53,3038,90,0.53,2
M010,73.8334279,4.456418253,4.823777567,71.92807838,148,2969,64,0.58,2
M006,67.71843224,2.697026833,5.159866957,80.24073442,131,1732,93,0.48,2
M001,93.60684446,1.46618553,5.034769554,72.65970168,66,1089,52,0.53,2
M007,75.86355316,2.459060671,5.014420436,74.75288809,84,4600,86,0.49,1
M010,94.43876893,2.111902093,5.93049352,75.60500239,65,964,81,0.54,2
M007,87.09266111,2.196769076,4.331857956,67.17910717,37,1643,99,0.48,2
M003,63.18606017,1.751216411,6.374322467,71.96556778,63,1753,54,0.45,2
M004,71.10403393,1.4209245,5.440253832,69.15477691,107,2423,86,0.42,2
M002,87.98659734,1.771454978,5.01598328,69.23554873,81,3969,78,0.5,2
M003,71.96907056,2.064181023,5.121986069,37.03746988,89,716,61,0.41,2
M008,91.29009603,2.667517613,4.810094281,78.75557919,115,1057,50,0.59,2
M007,79.30840244,1.996919461,5.717270104,75.13372569,125,4193,57,0.51,1
M007,74.19740954,4.051155045,4.686053331,88.18483988,134,2058,78,0.58,2
M001,68.08682629,2.258656226,5.359962253,82.84056247,31,3690,84,0.48,2
M009,76.40938886,3.233645147,4.308848695,76.70743825,36,3086,96,0.52,2
M007,68.33761276,3.448706917,5.228119399,62.98772931,131,1938,55,0.51,2
M008,83.49716756,3.189404937,4.472191264,61.74785327,124,2211,76,0.53,2
M003,92.15701834,3.611199357,4.983654841,84.435129,112,2563,97,0.59,2
M001,94.10804588,3.182059509,5.880494793,60.25263009,88,3855,95,0.54,2
M007,83.35494278,2.172947441,5.64398525,62.13374743,149,3372,94,0.47,2
M001,65.78129028,1.860876478,4.828104931,65.41339033,146,1695,69,0.43,2
M009,71.83246671,4.19356647,5.194287181,80.32775753,104,3399,71,0.57,2
M007,76.84942283,2.556742567,4.741696907,71.63487223,76,3025,81,0.5,2
M004,75.10175071,2.309842056,5.65153249,73.09313333,94,2184,69,0.49,2
M009,80.42463862,2.580706626,5.012434242,71.38201387,76,2292,56,0.53,2
M008,77.6236238,1.710858372,4.704556319,41.80823524,79,1080,85,0.4,3
M008,75.28875723,-0.839500178,5.460659024,44.03823576,147,3812,55,0.33,3
M002,78.49594999,1.79567481,5.073551763,78.84597107,52,1007,50,0.52,2
M009,58.11437683,4.488768024,5.107267214,69.12132544,67,3913,58,0.53,2
M007,63.37692844,4.000571369,4.328286516,50.24592383,86,907,89,0.46,2
M007,78.67388691,1.888677221,5.121881511,61.61033002,95,1568,76,0.46,2
M010,87.70631061,3.44798412,4.426032091,61.28492638,45,1801,55,0.57,2
M002,86.07388428,2.729926468,5.121468677,75.86079034,58,1641,96,0.52,2
M002,95.41745911,2.886307882,5.164654573,73.26329223,59,869,81,0.57,2
M003,88.18764616,2.432992858,4.626310886,71.62579867,59,515,85,0.52,2
M005,76.66652829,3.790515419,4.877657746,67.3300721,45,1132,65,0.55,2
M010,96.99526631,0.723997661,4.513503002,71.98638584,78,2504,96,0.47,2
M001,76.73908042,3.961738134,5.657147505,73.1034262,124,1115,66,0.57,2
M008,77.57996992,0.844937008,5.225388127,70.13241374,56,658,64,0.44,2
M009,98.00395643,3.615166774,4.821314452,60.28618723,50,1438,57,0.6,2
M006,85.93270905,0.333619157,3.554083701,66.07822317,121,515,66,0.44,2
M005,90.49209477,2.840059367,3.759006832,72.67936785,43,1286,91,0.54,2
M004,89.11709376,2.771037801,4.883436872,82.87092104,91,3011,55,0.59,2
M007,69.62310303,1.703983935,4.130299014,72.71219129,117,2303,54,0.47,2
M002,73.73188502,2.469429837,5.341048114,73.8375929,132,1038,89,0.48,2
M007,66.8100331,1.903011609,5.424792632,57.76993831,106,2833,75,0.42,2
M007,78.66457166,2.594308579,4.776370205,77.62442995,82,4259,52,0.54,1
M010,63.85524173,2.579976495,4.450880562,70.5558694,77,4299,52,0.48,1
M009,79.75285589,3.381599746,5.279452981,81.64906258,77,894,79,0.56,2
M008,63.81380666,2.249601353,4.804620793,72.8791482,140,4519,72,0.46,1
M008,69.06163491,2.866565757,5.01094066,66.69860379,98,4691,58,0.5,1
M009,48.76211764,1.309800972,4.881337348,58.49115708,92,4727,55,0.36,1
M005,76.93330667,3.640855496,4.614227457,74.51414088,134,3491,63,0.56,2
M002,92.25117332,0.323418914,4.874992657,61.18981651,124,968,98,0.41,2
M005,81.81296174,0.800040279,6.030411401,74.3202894,38,2339,88,0.44,2
M003,88.51478429,2.554020726,6.338988638,65.69562307,85,4188,87,0.51,1
M003,55.47814779,2.60617497,4.728881141,70.59452034,145,2990,69,0.44,2
M007,90.68339276,4.164312388,4.828819182,84.87281025,108,961,84,0.62,2
M010,76.56187823,0.393149609,5.602663366,69.58294144,81,2986,84,0.4,3
M005,78.86965299,1.794445908,4.819984252,73.32999481,149,736,89,0.47,2
M008,73.16821731,1.894654597,4.616352313,66.80559419,39,3306,57,0.47,2
M005,71.82654407,1.437090318,5.0574262,81.82800551,62,4015,64,0.47,1
M001,70.3837041,1.40077175,4.958415645,71.37372839,135,4755,73,0.44,1
M001,76.31102091,0.481246293,5.349194217,54.7204239,148,1851,62,0.4,3
M003,82.34218219,3.607064236,5.726857048,80.17636925,55,4392,69,0.58,1
M008,68.70928028,2.445387326,5.657075906,77.00766007,144,4843,66,0.49,1
M006,67.57485649,-0.886813761,5.845801083,80.06257773,38,3678,59,0.37,3
M006,68.11496492,1.961840999,5.90125593,64.78864604,55,3441,99,0.41,2
M005,90.88044156,1.868515267,6.337051946,58.34215067,48,4998,82,0.48,1
M001,65.45938252,2.934831221,5.287160247,68.98174934,31,3172,84,0.47,2
M007,73.58304324,3.049699418,5.421665055,66.72126704,41,3712,67,0.51,2
M003,91.16570494,2.654483996,4.330258422,65.38795396,87,1327,87,0.52,2
M008,67.00605924,3.312914245,5.193755904,88.30238355,73,1409,57,0.55,2
M010,78.31971734,1.663711881,6.12211259,85.00420438,81,4266,67,0.5,1
M010,66.76881939,3.250536115,4.950925759,64.65404501,50,4596,54,0.51,1
M004,70.64843402,1.116546482,5.305029384,54.77674085,73,3440,75,0.39,3
M006,55.06069164,3.15449249,5.639311944,73.53348927,134,2290,85,0.45,2
M003,74.78194662,0.642280139,5.626183548,73.21015008,102,4810,51,0.45,1
M008,97.56751396,3.961284278,5.112001567,69.77439959,109,3732,98,0.59,2
M008,73.35820588,3.198220836,5.110458404,62.2784153,30,1519,90,0.48,2
M002,73.49164379,2.915976621,4.440363342,57.42143568,149,2456,82,0.47,2
M008,85.31339994,3.862617027,6.200372485,73.24956701,126,3534,68,0.59,2
M009,66.8922408,2.63171989,4.953829319,77.87138554,77,1796,94,0.47,2
M001,88.67657331,3.508001947,5.262102085,68.02998518,66,3274,94,0.55,2
M005,72.4304551,4.227482738,5.67479162,50.58419506,145,3529,58,0.53,2
M007,66.05436768,2.848690452,5.505923542,86.83058936,35,1198,53,0.53,2
M007,76.41861055,2.678650729,5.068759786,61.99740904,72,4335,61,0.5,1
M005,68.90504418,1.20397638,5.28285849,66.33470818,73,3783,77,0.41,2
M004,88.10073094,-0.017143142,4.964231394,58.95620155,51,992,74,0.41,2
M006,79.51095297,2.463186494,4.358427496,72.084782,76,4733,61,0.52,1
M002,72.27572299,1.745793919,4.495628977,70.55260626,133,1054,84,0.44,2
M005,69.05633628,2.316336967,4.456669004,63.68861658,83,2477,95,0.43,2
M003,72.85067494,2.603797181,5.169717777,76.43505174,46,2289,67,0.51,2
M006,67.44496665,2.166375448,4.985796069,74.05179517,46,4570,52,0.49,1
M007,85.49984293,1.747244651,4.449152974,66.54626754,39,4865,92,0.47,1
M002,64.01297523,2.610321106,4.985091592,74.16600915,138,1389,89,0.46,2
M005,68.91413914,3.325726363,4.913032464,59.84031303,128,605,69,0.49,2
M010,70.66033858,1.785753889,5.500653269,71.80217171,38,4504,99,0.43,1
M009,66.00212137,3.662458287,4.844696543,59.3051338,136,3125,57,0.51,2
M001,67.70920837,2.107678997,4.446554798,59.38139137,133,565,72,0.43,2
M006,97.12191309,2.76628373,4.791672606,63.2279712,78,4342,69,0.56,1
M001,80.76838168,3.944712494,5.577174787,74.58476465,110,4897,64,0.59,1
M005,91.86987863,1.758606723,6.388142058,82.986974,140,2556,54,0.56,2
M002,57.5893069,2.04803101,4.695239759,63.19650175,97,2549,95,0.39,3
M002,78.78568868,3.457789735,4.8436421,65.1010727,44,1641,58,0.55,2
M007,71.4208891,1.733807529,5.632309856,63.14409136,80,2492,73,0.44,2
M004,52.15852143,1.741147869,4.683251655,70.10962617,75,3892,86,0.38,3
M005,69.77597866,3.77832947,4.166421831,85.55111619,101,3946,59,0.57,2
M001,63.13302882,4.046090168,4.382081129,50.36889791,36,1394,99,0.45,2
M008,85.6064293,3.23036219,4.129791104,65.75837997,42,3332,81,0.54,2
M001,66.2235758,2.645345803,5.739993207,74.05803384,40,3816,74,0.48,2
M007,65.06543774,2.616438241,5.38945534,72.99516465,77,3937,98,0.45,2
M009,74.22466185,3.055588685,5.390593097,68.91158095,121,2992,96,0.49,2
M003,85.7140091,2.225101242,5.035881715,76.44192211,64,1222,65,0.53,2
M006,78.83544007,2.079604878,4.484921933,57.87978233,84,648,95,0.44,2
M001,71.11425897,2.378920039,4.92990101,63.55630939,148,875,78,0.46,2
M007,79.13056534,2.142056169,4.267698968,64.77594883,122,4375,59,0.49,1
M002,79.27455925,3.002447267,4.082226795,84.18929004,63,3363,85,0.54,2
M007,76.56378123,2.674459295,5.23015836,67.31372828,93,4091,94,0.48,1
M003,71.16817482,1.493020527,4.284490676,64.08473322,90,1638,55,0.45,2
M006,71.91278847,1.94986725,4.527073669,52.64697553,120,4404,76,0.42,1
M003,66.56626845,3.416744919,5.432779224,77.28007848,88,1778,98,0.49,2
M007,56.20439372,3.490194756,5.968777151,72.50651578,42,2442,55,0.5,2
M002,80.62316621,1.405884707,4.999536687,82.91482231,145,3527,98,0.47,2
M006,73.14662877,4.468476308,4.919168381,73.9603218,116,2408,67,0.58,2
M009,85.89436709,2.661051479,5.065834717,62.82787323,83,4138,87,0.5,1
M010,86.37706203,3.447362399,4.680136535,76.31025673,86,3980,90,0.56,2
M004,62.12224555,1.02305269,5.087792402,89.31071893,63,2488,67,0.44,2
M007,72.8280665,3.616275664,3.887990089,57.99115713,143,3532,58,0.52,2
M004,73.31444126,2.260101083,4.779197388,77.33060116,73,4223,77,0.49,1
M006,100.4604833,3.969023398,5.454905111,61.62758106,116,2924,75,0.61,2
M003,83.32899329,2.102487361,4.517450165,77.3619324,99,4333,57,0.53,1
M006,86.03713869,1.557934098,5.155724078,70.05741447,139,2764,71,0.49,2
M008,92.91143787,2.910730663,4.462288612,54.03091668,108,1982,93,0.51,2
M010,74.25035049,2.493653579,5.078978801,61.7082407,69,2028,77,0.47,2
M002,82.88899298,3.750954474,4.893081288,70.78851804,111,2141,99,0.54,2
M010,69.37399718,3.36631995,5.089327741,78.29220931,48,1179,91,0.51,2
M001,74.95038016,2.520947366,6.448259303,73.24026772,73,3960,54,0.52,2
M004,77.0189956,1.845799715,4.583389067,77.89176058,69,4245,64,0.5,1
M004,84.45193727,5.033516165,4.267778883,61.70274324,108,2557,55,0.62,2
M005,71.29829369,1.747155231,3.990490387,73.42796422,56,825,70,0.46,2
M004,66.6404592,2.063640531,5.144760105,74.30167229,42,4814,76,0.46,1
M006,69.41890642,1.664714294,5.020700975,77.49407115,47,943,59,0.47,2
M007,61.85932691,2.275769793,5.432090352,76.60919387,42,1881,77,0.45,2
M006,83.68103143,2.295906703,4.217708487,68.31402813,55,4036,98,0.48,1
M010,66.60174753,3.36699022,5.644311564,64.84586135,100,4992,83,0.48,1
M010,70.20588141,1.920947452,4.839043429,61.01633512,122,2889,99,0.41,2
M003,77.53861209,3.270638679,4.426054544,89.47770079,56,835,79,0.56,2
M005,68.41726557,1.739819269,5.069400227,76.73756955,80,4587,54,0.47,1
M001,67.80756662,1.198676921,5.350978746,66.90687586,55,895,52,0.43,2
M005,92.82078318,2.426154073,4.593560485,55.87381495,132,1067,56,0.53,2
M005,67.19525994,3.799974047,4.7100132,60.07852211,75,4057,77,0.5,1
M003,77.98377453,1.401908707,4.535430605,74.95366884,51,4399,77,0.46,1
M005,90.62459507,1.531168368,4.61810565,90.5771608,105,2053,98,0.52,2
M010,66.50080454,1.1444705,5.893710428,76.86602274,83,1425,93,0.41,2
M010,80.79290144,2.637276136,4.808612409,54.83230304,134,3323,66,0.49,2
M003,88.35805666,0.512659823,4.707262504,57.8311166,107,3300,68,0.43,2
M010,70.28891828,1.996578947,4.731162709,88.04834366,43,2919,89,0.48,2
M002,76.57361501,2.811701802,5.057798999,76.45779093,138,2949,61,0.53,2
M009,71.34637009,1.860949603,5.474254272,76.52326536,123,3797,83,0.46,2
M001,80.07015764,0.541558458,4.523782385,59.08097304,128,2498,83,0.4,3
M009,85.59940556,1.509304879,5.293280384,63.60449869,30,1959,77,0.47,2
M006,85.67599301,1.694394602,4.917804617,58.80223951,80,4924,64,0.48,1
M010,73.55269349,3.238915471,4.592763943,76.33685532,39,2891,60,0.54,2
M001,89.46933538,2.442903389,5.155696396,67.60739795,106,3237,93,0.51,2
M003,72.67600893,-0.029716211,5.45328288,67.59429968,71,1426,71,0.38,3
M006,73.31493369,1.728530355,5.699265137,76.31446413,52,1654,77,0.46,2
M008,67.84528303,1.46534238,4.915679066,57.79764301,42,2816,92,0.39,3
M007,72.99148522,2.060037088,4.590133939,75.10648991,115,3194,93,0.46,2
M009,78.53762779,2.904914099,5.12390564,68.34599358,87,2835,98,0.49,2
M008,86.19262945,0.889928553,5.459275412,72.56642817,148,2021,56,0.48,2
M005,71.08574483,1.559355102,4.979131434,69.57151944,50,2906,74,0.44,2
M007,93.04497088,2.853430866,5.221312095,63.33566628,100,4802,81,0.54,1
M003,77.06049518,2.228544265,5.481591371,53.71873238,92,4408,82,0.45,1
M005,94.19000893,2.014137312,4.018632738,79.30723711,143,1763,77,0.54,2
M003,76.4993167,2.541368544,5.482971543,63.22528825,91,1522,98,0.46,2
M001,83.68443511,2.672184092,4.946662159,79.94863922,32,1368,95,0.52,2
M007,87.1426965,2.526127473,4.959948783,67.99109794,129,1408,69,0.53,2
M003,83.62263025,1.601139393,4.354605567,67.88959393,92,2776,58,0.49,2
M009,69.05865423,3.357330766,5.454997891,59.23262646,90,2792,70,0.49,2
M003,95.01945967,2.013643106,5.077348375,80.21501898,87,3825,50,0.58,2
M010,63.97719678,2.322579562,5.021285171,80.11351808,94,1503,90,0.46,2
M010,76.14869044,2.003289176,4.536755468,69.90910833,37,4006,84,0.46,1
M005,77.06247546,1.666015646,5.797320321,56.65811648,121,3238,63,0.45,2
M001,85.02085217,3.684209146,4.08091025,66.91137578,79,2120,99,0.54,2
M006,80.79908967,2.303993167,4.415053487,79.04182247,134,4504,99,0.49,1
M001,70.70948073,2.711457754,4.830678746,52.5282003,46,3131,53,0.47,2
M001,68.03580207,3.365752733,4.757052588,77.00563675,93,4673,58,0.53,1
M005,64.93439009,3.800313192,4.985858676,66.63098237,99,3333,68,0.51,2
M010,66.13001939,2.175763989,5.411597051,82.54284889,63,1100,80,0.47,2
M002,74.53579629,1.463048994,5.004613217,53.0998945,119,4515,88,0.4,1
M006,68.4591999,2.564759762,4.570994556,77.96540688,34,1620,81,0.48,2
M010,66.34486815,3.518355384,4.703141971,58.89833141,118,3861,77,0.48,2
M005,72.63357814,3.687719177,4.82933594,78.78616411,124,716,57,0.57,2
M001,66.96027601,2.067398893,4.280542653,66.55062674,138,3663,80,0.44,2
M008,61.7139478,2.97114375,4.4205027,52.06258293,133,4676,56,0.45,1
M008,75.91434128,0.334518414,5.38706245,53.47903205,78,2473,88,0.36,3
M001,78.01722513,2.799774564,4.841355717,78.55201966,89,1016,58,0.55,2
M005,99.07377584,0.859538643,5.106432628,75.92832616,116,1064,96,0.49,2
M008,89.94688575,-0.261061966,4.560606556,74.63233047,32,4841,94,0.41,1
M008,73.97122956,0.092131673,4.549572547,78.46040859,33,4594,98,0.38,1
M001,80.19864852,4.101947507,5.39417151,70.57634063,44,3321,87,0.56,2
M008,77.39308467,3.140397185,4.649711087,68.85241598,38,3772,60,0.54,2
M009,68.27721728,0.564769415,5.369813072,74.48818406,46,940,95,0.38,3
M009,66.53388291,1.469310599,5.207627914,65.97247353,77,3341,52,0.44,2
M010,60.49288082,0.905671507,5.223446789,71.76079289,88,4535,63,0.4,1
M010,68.37887483,4.006421722,4.569297683,62.88889185,137,2560,96,0.5,2
M005,76.87802548,1.635277865,5.396174204,55.9612464,117,905,79,0.43,2
M005,60.28308557,1.87653566,4.291077964,77.43537845,145,3824,86,0.42,2
M008,52.76387969,2.668401957,4.325006977,67.236722,90,2946,55,0.44,2
M003,70.41863013,2.002732386,5.35786317,62.78273222,62,2232,99,0.42,2
M005,78.67522303,2.32178052,5.515328898,55.92823015,101,1945,81,0.46,2
M002,77.06190982,3.608788382,4.117208599,71.16562349,100,2277,86,0.53,2
M005,70.72675317,2.104694523,4.239912147,93.49099259,44,815,77,0.51,2
M008,91.26519472,2.596260776,4.782759644,74.35238137,30,3264,94,0.53,2
M009,58.8653134,1.482666343,4.487596923,69.39879286,114,3533,68,0.41,2
M006,68.82187321,2.343492969,4.279240087,85.49170316,99,3872,89,0.48,2
M007,82.82837165,1.734719938,5.363855967,58.1778177,138,4111,70,0.46,1
M006,68.95661431,3.037315658,5.749097643,91.21023602,55,2728,86,0.52,2
M006,84.44289642,3.786564822,4.330896672,72.55625786,137,3557,92,0.56,2
M006,76.62762079,0.852201892,5.107447877,80.41447217,121,3026,54,0.47,2
M005,74.79981101,1.729432086,5.809504644,50.13078688,104,1021,66,0.43,2
M008,68.14262413,2.228518532,4.137747607,61.23870273,101,4194,51,0.47,1
M009,72.12047778,2.457664342,5.641570153,79.39439019,129,1982,69,0.5,2
M010,82.31246507,1.638115071,4.735685254,62.2083642,84,4084,54,0.48,1
M006,73.07676087,1.665236611,5.000049511,72.73038108,67,1232,85,0.45,2
M010,77.88732395,2.225714969,4.769858825,68.32194455,34,3529,71,0.49,2
M002,72.81748836,3.217690741,5.256616213,63.09641659,146,1905,53,0.52,2
M005,68.6900787,2.121704726,5.458025662,90.33780816,93,1591,74,0.5,2
M005,73.0413918,2.316153119,5.200894373,61.93486673,79,2515,70,0.47,2
M001,49.09454027,2.681674273,4.595693751,72.94985768,147,610,88,0.41,2
M001,64.98231721,3.139269538,4.517319728,79.80413666,97,4097,75,0.51,1
M008,82.51740273,2.801420516,4.778070825,64.96219378,106,2391,96,0.49,2
M004,94.7166875,1.527050221,4.582843463,70.7757631,146,4381,58,0.53,1
M005,70.39593384,1.091896626,5.979237151,66.46363579,147,1830,68,0.42,2
M009,71.0906143,0.721649033,4.838993411,71.03559942,148,806,58,0.43,2
M006,66.2973245,3.452680413,5.001119375,78.09067259,49,3174,57,0.54,2
M004,71.23085775,2.920117998,5.679450757,74.47352673,68,4645,68,0.51,1
M007,74.17149085,2.103564171,4.766221445,94.03018192,93,1028,76,0.52,2
M010,75.36110175,3.238490833,4.908962765,70.90994626,89,3556,62,0.54,2
M003,77.57760883,1.701809376,5.522889576,71.60514868,92,1984,64,0.48,2
M001,85.22440952,2.463404137,5.228758245,55.26019721,53,4452,90,0.47,1
M003,89.81238549,3.108365543,5.167230032,79.17062512,105,2745,64,0.59,2
M003,80.74308441,4.161441014,5.510550786,71.6676052,109,1892,71,0.58,2
M005,79.47399346,3.530240213,4.989286723,71.11941943,146,4560,93,0.53,1
M001,69.79086181,4.396738182,5.898161963,71.65609615,92,4024,73,0.56,1
M009,85.42765176,2.166828335,5.24153168,79.83714694,83,3287,61,0.54,2
M006,78.88242648,2.599925172,4.486201124,80.54036311,132,3245,57,0.54,2
M004,81.51409281,2.850341779,5.104252411,41.044423,102,1345,79,0.46,2
M005,71.03606165,1.897314152,4.180145441,54.88301773,55,2253,98,0.4,3
M009,87.49140642,2.739588881,4.92467964,89.93690567,88,4542,52,0.6,1
M008,73.90891482,1.828437899,4.730582577,79.23669282,77,3807,98,0.46,2
M006,81.38783079,2.661017886,4.080733439,66.18989164,138,771,72,0.51,2
M002,66.39939145,1.689148866,5.057744142,66.14535943,89,4737,65,0.43,1
M009,55.02588657,0.092655793,4.669412183,68.17408122,43,1697,97,0.31,3
M010,73.42702575,2.926826975,5.400276944,77.4527833,35,571,52,0.54,2
M010,66.96636204,1.998028293,4.923244268,73.25266526,124,4323,89,0.44,1
M008,72.67328091,2.423903231,5.486045409,67.0791079,142,4669,70,0.48,1
M007,61.73545206,1.314088991,4.935234296,63.29113264,57,3747,73,0.39,3
M009,69.37386517,2.338938497,4.91067394,57.86304686,116,2933,50,0.47,2
M003,85.91551424,4.016812867,5.360546398,85.39745557,63,4603,61,0.63,1
M008,84.53671678,3.618825654,5.466709241,72.88159684,125,4954,99,0.55,1
M003,80.11737669,2.566814883,5.195110392,60.55291791,42,4100,83,0.48,1
M009,53.70023124,2.23674517,4.879472875,74.48672465,82,2114,81,0.42,2
M002,62.19731591,3.721131079,4.63496889,68.75626035,39,1551,55,0.52,2
M007,69.50853023,1.739826945,4.536003125,63.49185993,51,4214,51,0.45,1
M001,87.0569146,3.977681878,5.097837032,80.43845995,134,1704,66,0.62,2
M007,73.19009261,1.575502791,5.352088561,86.73698446,116,1398,87,0.47,2
M007,83.60204242,3.364529909,5.111893683,50.26344491,72,1559,65,0.52,2
M006,86.26753192,1.219874693,4.723156129,64.2759473,64,2358,76,0.46,2
M004,81.60010593,2.702020937,4.252826846,75.9001742,137,1718,53,0.55,2
M006,71.46504554,3.26266955,5.429242586,78.11025798,133,3521,86,0.52,2
M010,57.03971014,2.432085262,5.574629675,69.06503781,131,1311,74,0.43,2
M008,61.59471397,3.551095121,4.278970229,52.65637175,133,1449,63,0.47,2
M004,68.29749978,1.697797716,5.116328602,74.55508695,97,3555,82,0.44,2
M007,77.71421494,2.09244998,5.432318592,63.23038329,53,3884,70,0.47,2
M009,58.43586295,2.878666234,5.209013089,50.90990496,106,927,76,0.42,2
M010,56.69608868,2.219423322,5.287434435,72.47014605,95,2598,58,0.45,2
M009,85.87195184,2.984257567,4.6732444,72.06971345,116,1645,84,0.54,2
M005,79.91793055,1.939064786,4.368145853,65.81767214,66,1557,56,0.49,2
M007,72.66009333,2.926119526,5.627156766,54.39393013,116,1271,63,0.48,2
M002,74.0070729,2.65716235,5.622326391,96.50988428,135,1396,78,0.54,2
M002,86.50290531,4.035562378,4.994224351,63.27611695,132,695,74,0.57,2
M008,70.25825684,0.011437738,5.656451327,73.84285888,82,3848,50,0.41,2
M009,62.41268351,2.045831414,5.865425773,81.9037048,63,3476,50,0.48,2
M006,84.79410901,2.5079969,4.677244037,74.23004908,131,2000,90,0.51,2
M001,64.90841711,2.839601853,4.582524816,80.1865673,109,3571,54,0.51,2
M006,78.64273406,2.681609066,4.669984022,80.34999442,49,1974,80,0.52,2
M002,75.85353619,0.257044625,5.394335842,75.48675154,75,4869,85,0.4,1
M003,80.99994208,2.460995799,4.72249394,55.7925031,100,1589,94,0.46,2
M001,86.50296026,2.700239573,4.007201842,63.51263195,116,4147,66,0.53,1
M004,82.38080375,4.807020917,4.807315,74.95698021,88,1994,54,0.64,2
M007,68.29568433,1.845054039,4.879503403,55.2015152,74,4731,57,0.43,1
M005,69.27702947,3.304501056,5.167763113,79.45073268,80,2486,53,0.55,2
M005,72.53491307,3.102466096,5.145370548,68.42530136,98,4449,97,0.48,1
M002,67.05439473,2.134462716,4.54416177,77.76016022,133,2218,84,0.46,2
M008,85.27677675,1.379041775,6.086474875,52.42102516,69,3648,76,0.44,2
M002,68.33479519,2.385940828,5.537828734,61.11039674,126,4473,60,0.46,1
M001,79.00114475,1.479595436,3.970097506,67.04048322,53,4620,71,0.46,1
M003,76.72594104,3.498422823,5.301726513,69.95891246,128,1559,90,0.52,2
M001,79.17263448,3.255901217,4.739288978,65.14902061,89,3739,56,0.54,2
M010,66.95009339,1.735054759,4.935825662,56.72627277,55,2654,83,0.4,3
M001,81.34241143,1.835775819,4.355774907,70.48049838,127,3927,54,0.5,2
M007,84.018248,1.595085348,5.06543706,73.51766138,108,1737,94,0.47,2
M002,69.9154466,3.695220672,4.796446516,87.69777133,88,1946,79,0.55,2
